[{"model": "contenttypes.contenttype", "pk": 1, "fields": {"app_label": "admin", "model": "logentry"}}, {"model": "contenttypes.contenttype", "pk": 2, "fields": {"app_label": "auth", "model": "permission"}}, {"model": "contenttypes.contenttype", "pk": 3, "fields": {"app_label": "auth", "model": "group"}}, {"model": "contenttypes.contenttype", "pk": 4, "fields": {"app_label": "auth", "model": "user"}}, {"model": "contenttypes.contenttype", "pk": 5, "fields": {"app_label": "contenttypes", "model": "contenttype"}}, {"model": "contenttypes.contenttype", "pk": 6, "fields": {"app_label": "sessions", "model": "session"}}, {"model": "contenttypes.contenttype", "pk": 7, "fields": {"app_label": "company", "model": "company"}}, {"model": "contenttypes.contenttype", "pk": 8, "fields": {"app_label": "account", "model": "account"}}, {"model": "contenttypes.contenttype", "pk": 9, "fields": {"app_label": "catalog", "model": "service"}}, {"model": "contenttypes.contenttype", "pk": 10, "fields": {"app_label": "document", "model": "invoice"}}, {"model": "contenttypes.contenttype", "pk": 11, "fields": {"app_label": "document", "model": "invoiceitem"}}, {"model": "contenttypes.contenttype", "pk": 12, "fields": {"app_label": "product", "model": "product"}}, {"model": "contenttypes.contenttype", "pk": 13, "fields": {"app_label": "product", "model": "productitem"}}, {"model": "sessions.session", "pk": "0cvqtimhakteae28j1au3vxt5zfp4h11", "fields": {"session_data": "MmU2MzliZDIyMjczMTA2NTE0MGI5MzBjNjU5NmY3YWI4NmI0OTRjODp7Il9hdXRoX3VzZXJfaWQiOiIyIiwiX2F1dGhfdXNlcl9iYWNrZW5kIjoiZGphbmdvLmNvbnRyaWIuYXV0aC5iYWNrZW5kcy5Nb2RlbEJhY2tlbmQiLCJfYXV0aF91c2VyX2hhc2giOiJiOWVlZGVjMGQwYzdiODM3MDNmODFjNmE1NWE0YWU5NDYzNzQ5ZGVmIn0=", "expire_date": "2022-11-01T19:14:21.099Z"}}, {"model": "sessions.session", "pk": "19wz0w566fmneyfboudd1e4mqe7kcqw8", "fields": {"session_data": "MmU2MzliZDIyMjczMTA2NTE0MGI5MzBjNjU5NmY3YWI4NmI0OTRjODp7Il9hdXRoX3VzZXJfaWQiOiIyIiwiX2F1dGhfdXNlcl9iYWNrZW5kIjoiZGphbmdvLmNvbnRyaWIuYXV0aC5iYWNrZW5kcy5Nb2RlbEJhY2tlbmQiLCJfYXV0aF91c2VyX2hhc2giOiJiOWVlZGVjMGQwYzdiODM3MDNmODFjNmE1NWE0YWU5NDYzNzQ5ZGVmIn0=", "expire_date": "2024-05-22T17:26:16.917Z"}}, {"model": "sessions.session", "pk": "6b1imfv2khkvwm3krjfj0tepx0edetqr", "fields": {"session_data": "MmU2MzliZDIyMjczMTA2NTE0MGI5MzBjNjU5NmY3YWI4NmI0OTRjODp7Il9hdXRoX3VzZXJfaWQiOiIyIiwiX2F1dGhfdXNlcl9iYWNrZW5kIjoiZGphbmdvLmNvbnRyaWIuYXV0aC5iYWNrZW5kcy5Nb2RlbEJhY2tlbmQiLCJfYXV0aF91c2VyX2hhc2giOiJiOWVlZGVjMGQwYzdiODM3MDNmODFjNmE1NWE0YWU5NDYzNzQ5ZGVmIn0=", "expire_date": "2023-12-19T19:41:55.893Z"}}, {"model": "sessions.session", "pk": "6spco8zu6lvg3hn5w8q6gpwqeplym3ug", "fields": {"session_data": "MmU2MzliZDIyMjczMTA2NTE0MGI5MzBjNjU5NmY3YWI4NmI0OTRjODp7Il9hdXRoX3VzZXJfaWQiOiIyIiwiX2F1dGhfdXNlcl9iYWNrZW5kIjoiZGphbmdvLmNvbnRyaWIuYXV0aC5iYWNrZW5kcy5Nb2RlbEJhY2tlbmQiLCJfYXV0aF91c2VyX2hhc2giOiJiOWVlZGVjMGQwYzdiODM3MDNmODFjNmE1NWE0YWU5NDYzNzQ5ZGVmIn0=", "expire_date": "2023-04-10T16:46:58.594Z"}}, {"model": "sessions.session", "pk": "8vpexdi481497l79q6gl0el46f0zlt42", "fields": {"session_data": "MmU2MzliZDIyMjczMTA2NTE0MGI5MzBjNjU5NmY3YWI4NmI0OTRjODp7Il9hdXRoX3VzZXJfaWQiOiIyIiwiX2F1dGhfdXNlcl9iYWNrZW5kIjoiZGphbmdvLmNvbnRyaWIuYXV0aC5iYWNrZW5kcy5Nb2RlbEJhY2tlbmQiLCJfYXV0aF91c2VyX2hhc2giOiJiOWVlZGVjMGQwYzdiODM3MDNmODFjNmE1NWE0YWU5NDYzNzQ5ZGVmIn0=", "expire_date": "2024-02-08T14:11:38.117Z"}}, {"model": "sessions.session", "pk": "8wrh7ytohgmktypu2uuf4okr2zxtng53", "fields": {"session_data": "MmU2MzliZDIyMjczMTA2NTE0MGI5MzBjNjU5NmY3YWI4NmI0OTRjODp7Il9hdXRoX3VzZXJfaWQiOiIyIiwiX2F1dGhfdXNlcl9iYWNrZW5kIjoiZGphbmdvLmNvbnRyaWIuYXV0aC5iYWNrZW5kcy5Nb2RlbEJhY2tlbmQiLCJfYXV0aF91c2VyX2hhc2giOiJiOWVlZGVjMGQwYzdiODM3MDNmODFjNmE1NWE0YWU5NDYzNzQ5ZGVmIn0=", "expire_date": "2022-07-28T14:15:24.834Z"}}, {"model": "sessions.session", "pk": "9vrxrn1rco6iihcl33vzfwpntwg9y7yt", "fields": {"session_data": "MmU2MzliZDIyMjczMTA2NTE0MGI5MzBjNjU5NmY3YWI4NmI0OTRjODp7Il9hdXRoX3VzZXJfaWQiOiIyIiwiX2F1dGhfdXNlcl9iYWNrZW5kIjoiZGphbmdvLmNvbnRyaWIuYXV0aC5iYWNrZW5kcy5Nb2RlbEJhY2tlbmQiLCJfYXV0aF91c2VyX2hhc2giOiJiOWVlZGVjMGQwYzdiODM3MDNmODFjNmE1NWE0YWU5NDYzNzQ5ZGVmIn0=", "expire_date": "2023-10-17T15:01:42.890Z"}}, {"model": "sessions.session", "pk": "a2plb40yxtzijzr9m5i88h65adb2vs3v", "fields": {"session_data": "MmU2MzliZDIyMjczMTA2NTE0MGI5MzBjNjU5NmY3YWI4NmI0OTRjODp7Il9hdXRoX3VzZXJfaWQiOiIyIiwiX2F1dGhfdXNlcl9iYWNrZW5kIjoiZGphbmdvLmNvbnRyaWIuYXV0aC5iYWNrZW5kcy5Nb2RlbEJhY2tlbmQiLCJfYXV0aF91c2VyX2hhc2giOiJiOWVlZGVjMGQwYzdiODM3MDNmODFjNmE1NWE0YWU5NDYzNzQ5ZGVmIn0=", "expire_date": "2022-09-01T18:36:15.291Z"}}, {"model": "sessions.session", "pk": "bgpphhxn6xnikx6crhknitec2vj5ilpd", "fields": {"session_data": "MmU2MzliZDIyMjczMTA2NTE0MGI5MzBjNjU5NmY3YWI4NmI0OTRjODp7Il9hdXRoX3VzZXJfaWQiOiIyIiwiX2F1dGhfdXNlcl9iYWNrZW5kIjoiZGphbmdvLmNvbnRyaWIuYXV0aC5iYWNrZW5kcy5Nb2RlbEJhY2tlbmQiLCJfYXV0aF91c2VyX2hhc2giOiJiOWVlZGVjMGQwYzdiODM3MDNmODFjNmE1NWE0YWU5NDYzNzQ5ZGVmIn0=", "expire_date": "2023-03-26T10:00:07.750Z"}}, {"model": "sessions.session", "pk": "ccmzww7j0x5j4fyrwo50f8bdrhb7i7rf", "fields": {"session_data": "MmU2MzliZDIyMjczMTA2NTE0MGI5MzBjNjU5NmY3YWI4NmI0OTRjODp7Il9hdXRoX3VzZXJfaWQiOiIyIiwiX2F1dGhfdXNlcl9iYWNrZW5kIjoiZGphbmdvLmNvbnRyaWIuYXV0aC5iYWNrZW5kcy5Nb2RlbEJhY2tlbmQiLCJfYXV0aF91c2VyX2hhc2giOiJiOWVlZGVjMGQwYzdiODM3MDNmODFjNmE1NWE0YWU5NDYzNzQ5ZGVmIn0=", "expire_date": "2023-11-13T15:53:09.805Z"}}, {"model": "sessions.session", "pk": "cxmyw1vgkar6lai26aj4satxxzm0gaip", "fields": {"session_data": "MmU2MzliZDIyMjczMTA2NTE0MGI5MzBjNjU5NmY3YWI4NmI0OTRjODp7Il9hdXRoX3VzZXJfaWQiOiIyIiwiX2F1dGhfdXNlcl9iYWNrZW5kIjoiZGphbmdvLmNvbnRyaWIuYXV0aC5iYWNrZW5kcy5Nb2RlbEJhY2tlbmQiLCJfYXV0aF91c2VyX2hhc2giOiJiOWVlZGVjMGQwYzdiODM3MDNmODFjNmE1NWE0YWU5NDYzNzQ5ZGVmIn0=", "expire_date": "2022-09-19T11:42:24.410Z"}}, {"model": "sessions.session", "pk": "f9iiaw8g88m59cykdehyhlqcefek1afm", "fields": {"session_data": "MmU2MzliZDIyMjczMTA2NTE0MGI5MzBjNjU5NmY3YWI4NmI0OTRjODp7Il9hdXRoX3VzZXJfaWQiOiIyIiwiX2F1dGhfdXNlcl9iYWNrZW5kIjoiZGphbmdvLmNvbnRyaWIuYXV0aC5iYWNrZW5kcy5Nb2RlbEJhY2tlbmQiLCJfYXV0aF91c2VyX2hhc2giOiJiOWVlZGVjMGQwYzdiODM3MDNmODFjNmE1NWE0YWU5NDYzNzQ5ZGVmIn0=", "expire_date": "2024-01-03T17:03:01.461Z"}}, {"model": "sessions.session", "pk": "fg038iivp01g5efcsjn2gdgazkg4b9u1", "fields": {"session_data": "MmU2MzliZDIyMjczMTA2NTE0MGI5MzBjNjU5NmY3YWI4NmI0OTRjODp7Il9hdXRoX3VzZXJfaWQiOiIyIiwiX2F1dGhfdXNlcl9iYWNrZW5kIjoiZGphbmdvLmNvbnRyaWIuYXV0aC5iYWNrZW5kcy5Nb2RlbEJhY2tlbmQiLCJfYXV0aF91c2VyX2hhc2giOiJiOWVlZGVjMGQwYzdiODM3MDNmODFjNmE1NWE0YWU5NDYzNzQ5ZGVmIn0=", "expire_date": "2022-07-27T21:59:36.780Z"}}, {"model": "sessions.session", "pk": "g25k3nb1iqr7wigs85ubx5zc5u43mjim", "fields": {"session_data": "MmU2MzliZDIyMjczMTA2NTE0MGI5MzBjNjU5NmY3YWI4NmI0OTRjODp7Il9hdXRoX3VzZXJfaWQiOiIyIiwiX2F1dGhfdXNlcl9iYWNrZW5kIjoiZGphbmdvLmNvbnRyaWIuYXV0aC5iYWNrZW5kcy5Nb2RlbEJhY2tlbmQiLCJfYXV0aF91c2VyX2hhc2giOiJiOWVlZGVjMGQwYzdiODM3MDNmODFjNmE1NWE0YWU5NDYzNzQ5ZGVmIn0=", "expire_date": "2022-12-25T16:43:16.509Z"}}, {"model": "sessions.session", "pk": "h1y57pkrna1tdth6ftrof5v3przlmb2p", "fields": {"session_data": "MmU2MzliZDIyMjczMTA2NTE0MGI5MzBjNjU5NmY3YWI4NmI0OTRjODp7Il9hdXRoX3VzZXJfaWQiOiIyIiwiX2F1dGhfdXNlcl9iYWNrZW5kIjoiZGphbmdvLmNvbnRyaWIuYXV0aC5iYWNrZW5kcy5Nb2RlbEJhY2tlbmQiLCJfYXV0aF91c2VyX2hhc2giOiJiOWVlZGVjMGQwYzdiODM3MDNmODFjNmE1NWE0YWU5NDYzNzQ5ZGVmIn0=", "expire_date": "2022-12-12T17:08:29.296Z"}}, {"model": "sessions.session", "pk": "h7cchm9t59ntgxd65eqmv3hz4gknxtd3", "fields": {"session_data": "MmU2MzliZDIyMjczMTA2NTE0MGI5MzBjNjU5NmY3YWI4NmI0OTRjODp7Il9hdXRoX3VzZXJfaWQiOiIyIiwiX2F1dGhfdXNlcl9iYWNrZW5kIjoiZGphbmdvLmNvbnRyaWIuYXV0aC5iYWNrZW5kcy5Nb2RlbEJhY2tlbmQiLCJfYXV0aF91c2VyX2hhc2giOiJiOWVlZGVjMGQwYzdiODM3MDNmODFjNmE1NWE0YWU5NDYzNzQ5ZGVmIn0=", "expire_date": "2024-04-05T16:29:59.470Z"}}, {"model": "sessions.session", "pk": "hdnea5zljg1xrplbj8y8ikgp3njmrq4c", "fields": {"session_data": "MmU2MzliZDIyMjczMTA2NTE0MGI5MzBjNjU5NmY3YWI4NmI0OTRjODp7Il9hdXRoX3VzZXJfaWQiOiIyIiwiX2F1dGhfdXNlcl9iYWNrZW5kIjoiZGphbmdvLmNvbnRyaWIuYXV0aC5iYWNrZW5kcy5Nb2RlbEJhY2tlbmQiLCJfYXV0aF91c2VyX2hhc2giOiJiOWVlZGVjMGQwYzdiODM3MDNmODFjNmE1NWE0YWU5NDYzNzQ5ZGVmIn0=", "expire_date": "2024-06-07T20:24:18.480Z"}}, {"model": "sessions.session", "pk": "hxdk9wcaf63oyfdzumyhkto2xpj0avl3", "fields": {"session_data": "MmU2MzliZDIyMjczMTA2NTE0MGI5MzBjNjU5NmY3YWI4NmI0OTRjODp7Il9hdXRoX3VzZXJfaWQiOiIyIiwiX2F1dGhfdXNlcl9iYWNrZW5kIjoiZGphbmdvLmNvbnRyaWIuYXV0aC5iYWNrZW5kcy5Nb2RlbEJhY2tlbmQiLCJfYXV0aF91c2VyX2hhc2giOiJiOWVlZGVjMGQwYzdiODM3MDNmODFjNmE1NWE0YWU5NDYzNzQ5ZGVmIn0=", "expire_date": "2024-02-24T12:21:11.691Z"}}, {"model": "sessions.session", "pk": "i6c75upwvr16g3ff9t89mjrxru7dzn6q", "fields": {"session_data": "MmU2MzliZDIyMjczMTA2NTE0MGI5MzBjNjU5NmY3YWI4NmI0OTRjODp7Il9hdXRoX3VzZXJfaWQiOiIyIiwiX2F1dGhfdXNlcl9iYWNrZW5kIjoiZGphbmdvLmNvbnRyaWIuYXV0aC5iYWNrZW5kcy5Nb2RlbEJhY2tlbmQiLCJfYXV0aF91c2VyX2hhc2giOiJiOWVlZGVjMGQwYzdiODM3MDNmODFjNmE1NWE0YWU5NDYzNzQ5ZGVmIn0=", "expire_date": "2023-09-18T09:20:19.146Z"}}, {"model": "sessions.session", "pk": "io8wicc982peof0bk5md7nhn97xejk0p", "fields": {"session_data": "MmU2MzliZDIyMjczMTA2NTE0MGI5MzBjNjU5NmY3YWI4NmI0OTRjODp7Il9hdXRoX3VzZXJfaWQiOiIyIiwiX2F1dGhfdXNlcl9iYWNrZW5kIjoiZGphbmdvLmNvbnRyaWIuYXV0aC5iYWNrZW5kcy5Nb2RlbEJhY2tlbmQiLCJfYXV0aF91c2VyX2hhc2giOiJiOWVlZGVjMGQwYzdiODM3MDNmODFjNmE1NWE0YWU5NDYzNzQ5ZGVmIn0=", "expire_date": "2022-09-01T18:55:27.281Z"}}, {"model": "sessions.session", "pk": "k154fd9ov8lvqyunr9f8la1ysv4io89a", "fields": {"session_data": "MmU2MzliZDIyMjczMTA2NTE0MGI5MzBjNjU5NmY3YWI4NmI0OTRjODp7Il9hdXRoX3VzZXJfaWQiOiIyIiwiX2F1dGhfdXNlcl9iYWNrZW5kIjoiZGphbmdvLmNvbnRyaWIuYXV0aC5iYWNrZW5kcy5Nb2RlbEJhY2tlbmQiLCJfYXV0aF91c2VyX2hhc2giOiJiOWVlZGVjMGQwYzdiODM3MDNmODFjNmE1NWE0YWU5NDYzNzQ5ZGVmIn0=", "expire_date": "2024-03-18T12:37:10.402Z"}}, {"model": "sessions.session", "pk": "kh81xssh63ka3tyld7le8xtq6znukj33", "fields": {"session_data": "MmU2MzliZDIyMjczMTA2NTE0MGI5MzBjNjU5NmY3YWI4NmI0OTRjODp7Il9hdXRoX3VzZXJfaWQiOiIyIiwiX2F1dGhfdXNlcl9iYWNrZW5kIjoiZGphbmdvLmNvbnRyaWIuYXV0aC5iYWNrZW5kcy5Nb2RlbEJhY2tlbmQiLCJfYXV0aF91c2VyX2hhc2giOiJiOWVlZGVjMGQwYzdiODM3MDNmODFjNmE1NWE0YWU5NDYzNzQ5ZGVmIn0=", "expire_date": "2023-10-23T17:22:00.671Z"}}, {"model": "sessions.session", "pk": "kmupzwnh25jiqaft3h8qdc7uz1q74f2g", "fields": {"session_data": "MmU2MzliZDIyMjczMTA2NTE0MGI5MzBjNjU5NmY3YWI4NmI0OTRjODp7Il9hdXRoX3VzZXJfaWQiOiIyIiwiX2F1dGhfdXNlcl9iYWNrZW5kIjoiZGphbmdvLmNvbnRyaWIuYXV0aC5iYWNrZW5kcy5Nb2RlbEJhY2tlbmQiLCJfYXV0aF91c2VyX2hhc2giOiJiOWVlZGVjMGQwYzdiODM3MDNmODFjNmE1NWE0YWU5NDYzNzQ5ZGVmIn0=", "expire_date": "2022-10-17T19:36:36.147Z"}}, {"model": "sessions.session", "pk": "laxg92ia3yinmfwmp3z50ytab9s4muyg", "fields": {"session_data": "MmU2MzliZDIyMjczMTA2NTE0MGI5MzBjNjU5NmY3YWI4NmI0OTRjODp7Il9hdXRoX3VzZXJfaWQiOiIyIiwiX2F1dGhfdXNlcl9iYWNrZW5kIjoiZGphbmdvLmNvbnRyaWIuYXV0aC5iYWNrZW5kcy5Nb2RlbEJhY2tlbmQiLCJfYXV0aF91c2VyX2hhc2giOiJiOWVlZGVjMGQwYzdiODM3MDNmODFjNmE1NWE0YWU5NDYzNzQ5ZGVmIn0=", "expire_date": "2023-04-30T08:23:14.289Z"}}, {"model": "sessions.session", "pk": "nk28k7yahh6ba2hdzjoh343zcsgn4e2f", "fields": {"session_data": "MmU2MzliZDIyMjczMTA2NTE0MGI5MzBjNjU5NmY3YWI4NmI0OTRjODp7Il9hdXRoX3VzZXJfaWQiOiIyIiwiX2F1dGhfdXNlcl9iYWNrZW5kIjoiZGphbmdvLmNvbnRyaWIuYXV0aC5iYWNrZW5kcy5Nb2RlbEJhY2tlbmQiLCJfYXV0aF91c2VyX2hhc2giOiJiOWVlZGVjMGQwYzdiODM3MDNmODFjNmE1NWE0YWU5NDYzNzQ5ZGVmIn0=", "expire_date": "2022-07-27T18:03:02.949Z"}}, {"model": "sessions.session", "pk": "p7o46o4vyhn9gnhng3ffefo1v454g06k", "fields": {"session_data": "MmU2MzliZDIyMjczMTA2NTE0MGI5MzBjNjU5NmY3YWI4NmI0OTRjODp7Il9hdXRoX3VzZXJfaWQiOiIyIiwiX2F1dGhfdXNlcl9iYWNrZW5kIjoiZGphbmdvLmNvbnRyaWIuYXV0aC5iYWNrZW5kcy5Nb2RlbEJhY2tlbmQiLCJfYXV0aF91c2VyX2hhc2giOiJiOWVlZGVjMGQwYzdiODM3MDNmODFjNmE1NWE0YWU5NDYzNzQ5ZGVmIn0=", "expire_date": "2023-08-23T16:49:29.700Z"}}, {"model": "sessions.session", "pk": "sqaaute6c841iooq6plm1m9sf13tr4m6", "fields": {"session_data": "MmU2MzliZDIyMjczMTA2NTE0MGI5MzBjNjU5NmY3YWI4NmI0OTRjODp7Il9hdXRoX3VzZXJfaWQiOiIyIiwiX2F1dGhfdXNlcl9iYWNrZW5kIjoiZGphbmdvLmNvbnRyaWIuYXV0aC5iYWNrZW5kcy5Nb2RlbEJhY2tlbmQiLCJfYXV0aF91c2VyX2hhc2giOiJiOWVlZGVjMGQwYzdiODM3MDNmODFjNmE1NWE0YWU5NDYzNzQ5ZGVmIn0=", "expire_date": "2023-12-28T19:27:55.656Z"}}, {"model": "sessions.session", "pk": "srfjvr4lw4ogr7cl1x083bwbag9vdzf4", "fields": {"session_data": "MmU2MzliZDIyMjczMTA2NTE0MGI5MzBjNjU5NmY3YWI4NmI0OTRjODp7Il9hdXRoX3VzZXJfaWQiOiIyIiwiX2F1dGhfdXNlcl9iYWNrZW5kIjoiZGphbmdvLmNvbnRyaWIuYXV0aC5iYWNrZW5kcy5Nb2RlbEJhY2tlbmQiLCJfYXV0aF91c2VyX2hhc2giOiJiOWVlZGVjMGQwYzdiODM3MDNmODFjNmE1NWE0YWU5NDYzNzQ5ZGVmIn0=", "expire_date": "2023-07-08T14:59:48.872Z"}}, {"model": "sessions.session", "pk": "ssyq4wg0ucj3wq88didgy1t6rueb9e1u", "fields": {"session_data": "MmU2MzliZDIyMjczMTA2NTE0MGI5MzBjNjU5NmY3YWI4NmI0OTRjODp7Il9hdXRoX3VzZXJfaWQiOiIyIiwiX2F1dGhfdXNlcl9iYWNrZW5kIjoiZGphbmdvLmNvbnRyaWIuYXV0aC5iYWNrZW5kcy5Nb2RlbEJhY2tlbmQiLCJfYXV0aF91c2VyX2hhc2giOiJiOWVlZGVjMGQwYzdiODM3MDNmODFjNmE1NWE0YWU5NDYzNzQ5ZGVmIn0=", "expire_date": "2023-07-31T14:04:11.027Z"}}, {"model": "sessions.session", "pk": "swt1f59vd75t7ll656na1pwnjyqnq6aa", "fields": {"session_data": "MmU2MzliZDIyMjczMTA2NTE0MGI5MzBjNjU5NmY3YWI4NmI0OTRjODp7Il9hdXRoX3VzZXJfaWQiOiIyIiwiX2F1dGhfdXNlcl9iYWNrZW5kIjoiZGphbmdvLmNvbnRyaWIuYXV0aC5iYWNrZW5kcy5Nb2RlbEJhY2tlbmQiLCJfYXV0aF91c2VyX2hhc2giOiJiOWVlZGVjMGQwYzdiODM3MDNmODFjNmE1NWE0YWU5NDYzNzQ5ZGVmIn0=", "expire_date": "2023-05-29T10:57:48.187Z"}}, {"model": "sessions.session", "pk": "tlxcxwfvxkgxmldv7o27dhawfnsaxafv", "fields": {"session_data": "MmU2MzliZDIyMjczMTA2NTE0MGI5MzBjNjU5NmY3YWI4NmI0OTRjODp7Il9hdXRoX3VzZXJfaWQiOiIyIiwiX2F1dGhfdXNlcl9iYWNrZW5kIjoiZGphbmdvLmNvbnRyaWIuYXV0aC5iYWNrZW5kcy5Nb2RlbEJhY2tlbmQiLCJfYXV0aF91c2VyX2hhc2giOiJiOWVlZGVjMGQwYzdiODM3MDNmODFjNmE1NWE0YWU5NDYzNzQ5ZGVmIn0=", "expire_date": "2023-05-11T10:32:22.962Z"}}, {"model": "sessions.session", "pk": "uies1f6v4p75r8xelmxrca7vdf4e3gox", "fields": {"session_data": "MmU2MzliZDIyMjczMTA2NTE0MGI5MzBjNjU5NmY3YWI4NmI0OTRjODp7Il9hdXRoX3VzZXJfaWQiOiIyIiwiX2F1dGhfdXNlcl9iYWNrZW5kIjoiZGphbmdvLmNvbnRyaWIuYXV0aC5iYWNrZW5kcy5Nb2RlbEJhY2tlbmQiLCJfYXV0aF91c2VyX2hhc2giOiJiOWVlZGVjMGQwYzdiODM3MDNmODFjNmE1NWE0YWU5NDYzNzQ5ZGVmIn0=", "expire_date": "2023-01-09T14:35:47.386Z"}}, {"model": "sessions.session", "pk": "wt31wctpi8xt7hy6bosu351tgwe1z7uz", "fields": {"session_data": "MmU2MzliZDIyMjczMTA2NTE0MGI5MzBjNjU5NmY3YWI4NmI0OTRjODp7Il9hdXRoX3VzZXJfaWQiOiIyIiwiX2F1dGhfdXNlcl9iYWNrZW5kIjoiZGphbmdvLmNvbnRyaWIuYXV0aC5iYWNrZW5kcy5Nb2RlbEJhY2tlbmQiLCJfYXV0aF91c2VyX2hhc2giOiJiOWVlZGVjMGQwYzdiODM3MDNmODFjNmE1NWE0YWU5NDYzNzQ5ZGVmIn0=", "expire_date": "2022-07-28T15:56:44.163Z"}}, {"model": "sessions.session", "pk": "xu8h7tpbtnon7amd7f65t81enntx1po4", "fields": {"session_data": "MmU2MzliZDIyMjczMTA2NTE0MGI5MzBjNjU5NmY3YWI4NmI0OTRjODp7Il9hdXRoX3VzZXJfaWQiOiIyIiwiX2F1dGhfdXNlcl9iYWNrZW5kIjoiZGphbmdvLmNvbnRyaWIuYXV0aC5iYWNrZW5kcy5Nb2RlbEJhY2tlbmQiLCJfYXV0aF91c2VyX2hhc2giOiJiOWVlZGVjMGQwYzdiODM3MDNmODFjNmE1NWE0YWU5NDYzNzQ5ZGVmIn0=", "expire_date": "2022-10-31T14:44:33.549Z"}}, {"model": "sessions.session", "pk": "znk87vfhecszbrk8anaochwma20mdj8m", "fields": {"session_data": "MmU2MzliZDIyMjczMTA2NTE0MGI5MzBjNjU5NmY3YWI4NmI0OTRjODp7Il9hdXRoX3VzZXJfaWQiOiIyIiwiX2F1dGhfdXNlcl9iYWNrZW5kIjoiZGphbmdvLmNvbnRyaWIuYXV0aC5iYWNrZW5kcy5Nb2RlbEJhY2tlbmQiLCJfYXV0aF91c2VyX2hhc2giOiJiOWVlZGVjMGQwYzdiODM3MDNmODFjNmE1NWE0YWU5NDYzNzQ5ZGVmIn0=", "expire_date": "2024-03-11T14:23:28.849Z"}}, {"model": "sessions.session", "pk": "zqbzuid13g7lha1dy6xc38i2m05s1l13", "fields": {"session_data": "MmU2MzliZDIyMjczMTA2NTE0MGI5MzBjNjU5NmY3YWI4NmI0OTRjODp7Il9hdXRoX3VzZXJfaWQiOiIyIiwiX2F1dGhfdXNlcl9iYWNrZW5kIjoiZGphbmdvLmNvbnRyaWIuYXV0aC5iYWNrZW5kcy5Nb2RlbEJhY2tlbmQiLCJfYXV0aF91c2VyX2hhc2giOiJiOWVlZGVjMGQwYzdiODM3MDNmODFjNmE1NWE0YWU5NDYzNzQ5ZGVmIn0=", "expire_date": "2022-07-27T18:02:38.523Z"}}, {"model": "company.company", "pk": 3, "fields": {"name": "\u041e\u041e\u041e \"\u0421\u0442\u0440\u0430\u0439\u0434\"", "inn": "6952032712", "kpp": "695201001", "ogrn": "1126952011559", "address": "170026 \u0420\u043e\u0441\u0441\u0438\u044f, \u0433. \u0422\u0432\u0435\u0440\u044c, \u0443\u043b. \u0413\u043e\u0440\u044c\u043a\u043e\u0433\u043e 10\u0410, \u043f\u043e\u043c. 1", "owner": "\u0411\u0430\u043a\u0435\u0440\u043d\u0438\u043a\u043e\u0432 \u0410\u043b\u0435\u043a\u0441\u0435\u0439 \u0412\u0438\u043a\u0442\u043e\u0440\u043e\u0432\u0438\u0447", "accountant": "\u0411\u0430\u043a\u0435\u0440\u043d\u0438\u043a\u043e\u0432 \u0410\u043b\u0435\u043a\u0441\u0435\u0439 \u0412\u0438\u043a\u0442\u043e\u0440\u043e\u0432\u0438\u0447"}}, {"model": "company.company", "pk": 4, "fields": {"name": "\u0418\u041f \u041b\u0435\u0432\u0430\u043d\u0434\u043e\u0432\u0441\u043a\u0430\u044f \u041e.\u0412.", "inn": "690501885929", "kpp": null, "ogrn": "318695200035129", "address": "170008,\u0420\u043e\u0441\u0441\u0438\u044f,\u0422\u0432\u0435\u0440\u0441\u043a\u0430\u044f \u043e\u0431\u043b, \u0433. \u0422\u0432\u0435\u0440\u044c, \u0443\u043b. \u041e\u0437\u0435\u0440\u043d\u0430\u044f, \u0434.5, \u043a\u0432. 55", "owner": "\u041b\u0435\u0432\u0430\u043d\u0434\u043e\u0432\u0441\u043a\u0430\u044f \u041e\u043b\u044c\u0433\u0430 \u0412\u043b\u0430\u0434\u0438\u043c\u0438\u0440\u043e\u0432\u043d\u0430", "accountant": "\u041b\u0435\u0432\u0430\u043d\u0434\u043e\u0432\u0441\u043a\u0430\u044f \u041e\u043b\u044c\u0433\u0430 \u0412\u043b\u0430\u0434\u0438\u043c\u0438\u0440\u043e\u0432\u043d\u0430"}}, {"model": "company.company", "pk": 5, "fields": {"name": "\u041e\u041e\u041e \"\u041c\u0438\u0410\u043d \u0434\u0435\u043d\u0442\"", "inn": "6950225606", "kpp": "695001001", "ogrn": "1196952001245", "address": "170100, \u0420\u043e\u0441\u0441\u0438\u044f, \u0422\u0432\u0435\u0440\u0441\u043a\u0430\u044f \u043e\u0431\u043b. \u0433. \u0422\u0432\u0435\u0440\u044c, \u0443\u043b. \u0421\u0438\u043c\u0435\u043e\u043d\u043e\u0432\u0441\u043a\u0430\u044f, \u0434. 74, \u043f\u043e\u043c. 31", "owner": "\u0410\u043d\u0443\u0440\u043e\u0432 \u0410\u043b\u0435\u043a\u0441\u0435\u0439 \u0421\u0435\u0440\u0433\u0435\u0435\u0432\u0438\u0447", "accountant": "\u0410\u043d\u0443\u0440\u043e\u0432 \u0410\u043b\u0435\u043a\u0441\u0435\u0439 \u0421\u0435\u0440\u0433\u0435\u0435\u0432\u0438\u0447"}}, {"model": "company.company", "pk": 6, "fields": {"name": "\u041e\u041e\u041e \"\u041c\u041e\u041d\u0411\u041b\u0410\u041d\"", "inn": "6950228082", "kpp": "695001001", "ogrn": "1196952005161", "address": "\u0433.\u0422\u0432\u0435\u0440\u044c, \u0443\u043b. \u041e\u0441\u043d\u0430\u0431\u0440\u044e\u043a\u0441\u043a\u0430\u044f, \u0434.12, \u043f\u043e\u043c.6", "owner": "\u041b\u043e\u0448\u043a\u0430\u0440\u0435\u0432 \u0418.\u0412.", "accountant": "\u041b\u043e\u0448\u043a\u0430\u0440\u0435\u0432 \u0418. \u0412."}}, {"model": "company.company", "pk": 7, "fields": {"name": "\u041e\u041e\u041e \"\u0421\u0442\u043e\u043c\u0430\u0442\u043e\u043b\u043e\u0433\u0438\u0447\u0435\u0441\u043a\u0430\u044f \u043a\u043b\u0438\u043d\u0438\u043a\u0430 \u041b\u0438\u0448\u0442\u0432\u0430\u043d\u0430 \u0410.\u041d.\"", "inn": "6950094946", "kpp": "695001001", "ogrn": "1086952030373", "address": "170008, \u0433. \u0422\u0432\u0435\u0440\u044c, \u043f\u0440\u043e\u0441\u043f\u0435\u043a\u0442 \u041f\u043e\u0431\u0435\u0434\u044b, \u0434.42", "owner": "\u041b\u0438\u0448\u0442\u0432\u0430\u043d \u0410\u043b\u0435\u043a\u0441\u0430\u043d\u0434\u0440 \u041d\u0438\u043a\u043e\u043b\u0430\u0435\u0432\u0438\u0447", "accountant": "\u041b\u0438\u0448\u0442\u0432\u0430\u043d \u0410\u043b\u0435\u043a\u0441\u0430\u043d\u0434\u0440 \u041d\u0438\u043a\u043e\u043b\u0430\u0435\u0432\u0438\u0447"}}, {"model": "company.company", "pk": 8, "fields": {"name": "\u041e\u041e\u041e \"\u0421\u0414\u041b\"", "inn": "6950225613", "kpp": "695001001", "ogrn": "1196952001267", "address": "170043, \u0422\u0432\u0435\u0440\u0441\u043a\u0430\u044f \u043e\u0431\u043b, \u0422\u0432\u0435\u0440\u044c \u0433, \u041e\u043a\u0442\u044f\u0431\u0440\u044c\u0441\u043a\u0438\u0439 \u043f\u0440-\u043a\u0442,\u0434\u043e\u043c \u211699, \u043f\u043e\u043c\u0435\u0449\u0435\u043d\u0438\u0435 16 \u041e\u0444\u0438\u0441 3 \u0421\u0435\u043a\u0446\u0438\u044f 22", "owner": "\u041b\u0435\u0432\u0430\u043d\u0434\u043e\u0432\u0441\u043a\u0430\u044f \u041e\u043b\u044c\u0433\u0430 \u0412\u043b\u0430\u0434\u0438\u043c\u0438\u0440\u043e\u0432\u043d\u0430", "accountant": "\u041b\u0435\u0432\u0430\u043d\u0434\u043e\u0432\u0441\u043a\u0430\u044f \u041e\u043b\u044c\u0433\u0430 \u0412\u043b\u0430\u0434\u0438\u043c\u0438\u0440\u043e\u0432\u043d\u0430"}}, {"model": "company.company", "pk": 9, "fields": {"name": "\u041e\u041e\u041e \"\u0414\u0430\u043d\u0442\u0438\u0441\u0442\u044a\"", "inn": "6901044170", "kpp": "695001001", "ogrn": "1036900091250", "address": "170006, \u0433. \u0422\u0432\u0435\u0440\u044c, \u0443\u043b\u0438\u0446\u0430  \u0414\u043c. \u0414\u043e\u043d\u0441\u043a\u043e\u0433\u043e, \u0434\u043e\u043c 40", "owner": "\u0413\u043b\u0443\u0445\u0438\u0445 \u041e\u043b\u044c\u0433\u0430 \u0421\u0442\u0435\u043f\u0430\u043d\u043e\u0432\u043d\u0430", "accountant": "\u0413\u043b\u0443\u0445\u0438\u0445 \u041e\u043b\u044c\u0433\u0430 \u0421\u0442\u0435\u043f\u0430\u043d\u043e\u0432\u043d\u0430"}}, {"model": "account.account", "pk": 3, "fields": {"company": 3, "bank": "\u041f\u0410\u041e \u0412\u0422\u0411, \u0444\u0438\u043b\u0438\u0430\u043b \u21163652 \u0433. \u0412\u043e\u0440\u043e\u043d\u0435\u0436", "bik": "042007855", "kor": "30101810545250000855", "number": "40702810813510001908", "default": true}}, {"model": "account.account", "pk": 4, "fields": {"company": 4, "bank": "\u0410\u041e \"\u0422\u0418\u041d\u042c\u041a\u041e\u0424\u0424 \u0411\u0410\u041d\u041a\"", "bik": "044525974", "kor": "30101810145250000974", "number": "40802810200000622207", "default": true}}, {"model": "account.account", "pk": 5, "fields": {"company": 5, "bank": "\u041f\u0410\u041e \"\u0421\u0411\u0415\u0420\u0411\u0410\u041d\u041a\"", "bik": "042809679", "kor": "30101810700000000679", "number": "40702810763000008396", "default": true}}, {"model": "account.account", "pk": 6, "fields": {"company": 6, "bank": "\u0424\u0438\u043b\u0438\u0430\u043b \"\u0426\u0435\u043d\u0442\u0440\u0430\u043b\u044c\u043d\u044b\u0439\" \u0431\u0430\u043d\u043a\u0430 \u0412\u0422\u0411 \u041f\u0410\u041e, \u0433. \u041c\u043e\u0441\u043a\u0432\u0430", "bik": "044525411", "kor": "30101810145250000411", "number": "40702810813510000518", "default": true}}, {"model": "account.account", "pk": 7, "fields": {"company": 7, "bank": "\u041e\u0410\u041e \u0410\u041a\u0411 \"\u0410\u0432\u0430\u043d\u0433\u0430\u0440\u0434\" \u0433. \u041c\u043e\u0441\u0441\u043a\u0432\u0430", "bik": "044525201", "kor": "30101810000000000201", "number": "40702810107100025643", "default": true}}, {"model": "account.account", "pk": 8, "fields": {"company": 8, "bank": "\u0422\u0432\u0435\u0440\u0441\u043a\u043e\u0435 \u041e\u0442\u0434\u0435\u043b\u0435\u043d\u0438\u0435 \u21168607 \u041f\u0410\u041e \u0421\u0431\u0435\u0440\u0431\u0430\u043d\u043a", "bik": "042809679", "kor": "30101810700000000679", "number": "40702810563000008460", "default": true}}, {"model": "account.account", "pk": 9, "fields": {"company": 9, "bank": "\u0422\u0432\u0435\u0440\u0441\u043a\u043e\u0435 \u041e\u0442\u0434\u0435\u043b\u0435\u043d\u0438\u0435 \u21168607 \u041f\u0410\u041e \u0421\u0431\u0435\u0440\u0431\u0430\u043d\u043a", "bik": "042809679", "kor": "30101810700000000679", "number": "40702810763000000925", "default": true}}, {"model": "catalog.service", "pk": 3, "fields": {"name": "\u041e\u043a\u0430\u0437\u0430\u043d\u0438\u0435 \u0443\u0441\u043b\u0443\u0433 \u0432 \u0441\u043e\u043e\u0442\u0432\u0435\u0442\u0441\u0442\u0432\u0438\u0438 \u0441 \u0434\u043e\u0433\u043e\u0432\u043e\u0440\u043e\u043c \u211618/07 \u043e\u0442 18.07.2018 \u0433\u043e\u0434\u0430", "price": "0.00"}}, {"model": "catalog.service", "pk": 4, "fields": {"name": "\u041e\u043a\u0430\u0437\u0430\u043d\u0438\u0435 \u0443\u0441\u043b\u0443\u0433 \u0432 \u0441\u043e\u043e\u0442\u0432\u0435\u0442\u0441\u0442\u0432\u0438\u0438 \u0441 \u0434\u043e\u0433\u043e\u0432\u043e\u0440\u043e\u043c \u211614/07 \u043e\u0442 14.07.2022 \u0433\u043e\u0434\u0430", "price": "0.00"}}, {"model": "catalog.service", "pk": 5, "fields": {"name": "\u041e\u043a\u0430\u0437\u0430\u043d\u0438\u0435 \u0443\u0441\u043b\u0443\u0433 \u0432 \u0441\u043e\u043e\u0442\u0432\u0435\u0442\u0441\u0442\u0432\u0438\u0438 \u0441 \u0434\u043e\u0433\u043e\u0432\u043e\u0440\u043e\u043c \u21160509/22 \u043e\u0442 05.09.2022 \u0433\u043e\u0434\u0430", "price": "0.00"}}, {"model": "catalog.service", "pk": 6, "fields": {"name": "\u041e\u043a\u0430\u0437\u0430\u043d\u0438\u0435 \u0443\u0441\u043b\u0443\u0433 \u0432 \u0441\u043e\u043e\u0442\u0432\u0435\u0442\u0441\u0442\u0432\u0438\u0438 \u0441 \u0434\u043e\u0433\u043e\u0432\u043e\u0440\u043e\u043c \u2116 1904/23 \u043e\u0442 19.04.2023 \u0433\u043e\u0434\u0430", "price": "0.00"}}, {"model": "catalog.service", "pk": 7, "fields": {"name": "\u041e\u043a\u0430\u0437\u0430\u043d\u0438\u0435 \u0443\u0441\u043b\u0443\u0433 \u0432 \u0441\u043e\u043e\u0442\u0432\u0435\u0442\u0441\u0442\u0432\u0438\u0438 \u0441 \u0434\u043e\u0433\u043e\u0432\u043e\u0440\u043e\u043c \u2116 2002/24 \u043e\u0442 20.02.2024", "price": "1.00"}}, {"model": "document.invoice", "pk": 2, "fields": {"deel_date": "2022-07-14", "number": "1407/22", "seller": 4, "buyer": 3, "created_date": "2022-07-14", "updated_date": "2022-07-14T14:36:07.392Z"}}, {"model": "document.invoice", "pk": 3, "fields": {"deel_date": "2022-07-14", "number": "1407/22", "seller": 4, "buyer": 5, "created_date": "2022-07-14", "updated_date": "2022-07-14T16:05:09.430Z"}}, {"model": "document.invoice", "pk": 4, "fields": {"deel_date": "2022-08-18", "number": "1808/22", "seller": 4, "buyer": 5, "created_date": "2022-08-18", "updated_date": "2022-08-18T18:37:29.332Z"}}, {"model": "document.invoice", "pk": 5, "fields": {"deel_date": "2022-09-05", "number": "0509/22", "seller": 4, "buyer": 6, "created_date": "2022-09-05", "updated_date": "2022-09-05T11:51:41.730Z"}}, {"model": "document.invoice", "pk": 6, "fields": {"deel_date": "2022-10-03", "number": "0310|22", "seller": 4, "buyer": 3, "created_date": "2022-10-03", "updated_date": "2022-10-03T19:38:37.709Z"}}, {"model": "document.invoice", "pk": 7, "fields": {"deel_date": "2022-10-09", "number": "0910|22", "seller": 4, "buyer": 5, "created_date": "2022-10-09", "updated_date": "2022-10-09T14:41:28.244Z"}}, {"model": "document.invoice", "pk": 8, "fields": {"deel_date": "2022-10-18", "number": "1810\\22", "seller": 4, "buyer": 6, "created_date": "2022-10-18", "updated_date": "2022-10-18T19:15:54.303Z"}}, {"model": "document.invoice", "pk": 9, "fields": {"deel_date": "2022-11-28", "number": "2811\\22", "seller": 4, "buyer": 5, "created_date": "2022-11-28", "updated_date": "2022-11-28T17:09:36.665Z"}}, {"model": "document.invoice", "pk": 10, "fields": {"deel_date": "2022-12-20", "number": "2012|22", "seller": 4, "buyer": 3, "created_date": "2022-12-20", "updated_date": "2022-12-20T16:56:09.094Z"}}, {"model": "document.invoice", "pk": 11, "fields": {"deel_date": "2022-12-26", "number": "2611/22", "seller": 4, "buyer": 5, "created_date": "2022-12-26", "updated_date": "2022-12-26T14:37:01.612Z"}}, {"model": "document.invoice", "pk": 12, "fields": {"deel_date": "2023-03-12", "number": "1203/23", "seller": 4, "buyer": 3, "created_date": "2023-03-12", "updated_date": "2023-03-12T10:32:07.073Z"}}, {"model": "document.invoice", "pk": 13, "fields": {"deel_date": "2023-03-27", "number": "2703|23", "seller": 4, "buyer": 5, "created_date": "2023-03-27", "updated_date": "2023-03-27T16:52:41.640Z"}}, {"model": "document.invoice", "pk": 14, "fields": {"deel_date": "2023-04-19", "number": "1904/23", "seller": 4, "buyer": 7, "created_date": "2023-04-19", "updated_date": "2023-04-19T16:34:32.298Z"}}, {"model": "document.invoice", "pk": 15, "fields": {"deel_date": "2023-04-20", "number": "2222", "seller": 8, "buyer": 3, "created_date": "2023-04-20", "updated_date": "2023-04-20T13:33:45.821Z"}}, {"model": "document.invoice", "pk": 16, "fields": {"deel_date": "2023-05-15", "number": "1505|23", "seller": 4, "buyer": 5, "created_date": "2023-05-15", "updated_date": "2023-05-15T10:58:43.531Z"}}, {"model": "document.invoice", "pk": 17, "fields": {"deel_date": "2023-06-24", "number": "2406|23", "seller": 4, "buyer": 3, "created_date": "2023-06-24", "updated_date": "2023-08-18T16:43:15.040Z"}}, {"model": "document.invoice", "pk": 18, "fields": {"deel_date": "2023-07-17", "number": "1707|23", "seller": 4, "buyer": 5, "created_date": "2023-07-17", "updated_date": "2023-07-17T14:05:22.131Z"}}, {"model": "document.invoice", "pk": 19, "fields": {"deel_date": "2023-08-09", "number": "0908/23", "seller": 4, "buyer": 7, "created_date": "2023-08-09", "updated_date": "2023-08-09T16:51:10.539Z"}}, {"model": "document.invoice", "pk": 20, "fields": {"deel_date": "2023-09-04", "number": "0409|23", "seller": 4, "buyer": 5, "created_date": "2023-09-04", "updated_date": "2023-09-04T09:22:47.658Z"}}, {"model": "document.invoice", "pk": 21, "fields": {"deel_date": "2023-10-09", "number": "0910|23", "seller": 4, "buyer": 5, "created_date": "2023-10-09", "updated_date": "2023-10-09T17:23:32.104Z"}}, {"model": "document.invoice", "pk": 22, "fields": {"deel_date": "2023-10-16", "number": "1610|23", "seller": 4, "buyer": 7, "created_date": "2023-10-16", "updated_date": "2023-10-16T12:27:10.773Z"}}, {"model": "document.invoice", "pk": 23, "fields": {"deel_date": "2023-10-30", "number": "3010/23", "seller": 4, "buyer": 7, "created_date": "2023-10-30", "updated_date": "2023-10-30T15:54:23.621Z"}}, {"model": "document.invoice", "pk": 24, "fields": {"deel_date": "2023-11-09", "number": "0911|23", "seller": 4, "buyer": 5, "created_date": "2023-11-09", "updated_date": "2023-11-09T19:21:19.039Z"}}, {"model": "document.invoice", "pk": 25, "fields": {"deel_date": "2023-11-12", "number": "1211|23", "seller": 4, "buyer": 3, "created_date": "2023-11-12", "updated_date": "2023-11-12T19:15:07.575Z"}}, {"model": "document.invoice", "pk": 26, "fields": {"deel_date": "2023-12-05", "number": "0512\\23", "seller": 4, "buyer": 7, "created_date": "2023-12-05", "updated_date": "2023-12-05T19:42:57.000Z"}}, {"model": "document.invoice", "pk": 27, "fields": {"deel_date": "2023-12-14", "number": "1412|23", "seller": 4, "buyer": 7, "created_date": "2023-12-14", "updated_date": "2023-12-14T19:29:21.677Z"}}, {"model": "document.invoice", "pk": 28, "fields": {"deel_date": "2023-12-20", "number": "2012\\23", "seller": 4, "buyer": 5, "created_date": "2023-12-20", "updated_date": "2023-12-20T17:06:07.632Z"}}, {"model": "document.invoice", "pk": 29, "fields": {"deel_date": "2024-01-25", "number": "2501|24", "seller": 4, "buyer": 5, "created_date": "2024-01-25", "updated_date": "2024-01-25T14:12:27.192Z"}}, {"model": "document.invoice", "pk": 30, "fields": {"deel_date": "2024-02-05", "number": "0502|24", "seller": 4, "buyer": 3, "created_date": "2024-02-05", "updated_date": "2024-02-05T16:18:29.983Z"}}, {"model": "document.invoice", "pk": 31, "fields": {"deel_date": "2024-02-26", "number": "2602|24", "seller": 4, "buyer": 9, "created_date": "2024-02-26", "updated_date": "2024-02-26T14:33:01.371Z"}}, {"model": "document.invoice", "pk": 32, "fields": {"deel_date": "2024-03-04", "number": "0403|24", "seller": 4, "buyer": 5, "created_date": "2024-03-04", "updated_date": "2024-03-04T12:38:21.134Z"}}, {"model": "document.invoice", "pk": 33, "fields": {"deel_date": "2024-03-28", "number": "2803|24", "seller": 4, "buyer": 7, "created_date": "2024-03-28", "updated_date": "2024-03-28T19:57:20.718Z"}}, {"model": "document.invoice", "pk": 34, "fields": {"deel_date": "2024-03-27", "number": "2703|24", "seller": 4, "buyer": 7, "created_date": "2024-03-28", "updated_date": "2024-03-28T20:01:39.916Z"}}, {"model": "document.invoice", "pk": 35, "fields": {"deel_date": "2024-05-15", "number": "1505|24", "seller": 4, "buyer": 3, "created_date": "2024-05-15", "updated_date": "2024-05-15T10:52:32.263Z"}}, {"model": "document.invoice", "pk": 36, "fields": {"deel_date": "2024-05-21", "number": "2105|24", "seller": 4, "buyer": 5, "created_date": "2024-05-21", "updated_date": "2024-05-21T18:48:00.058Z"}}, {"model": "document.invoiceitem", "pk": 3, "fields": {"invoice": 2, "service": 3, "quantity": 1, "price": "716300.00"}}, {"model": "document.invoiceitem", "pk": 4, "fields": {"invoice": 3, "service": 4, "quantity": 1, "price": "476000.00"}}, {"model": "document.invoiceitem", "pk": 5, "fields": {"invoice": 4, "service": 4, "quantity": 1, "price": "155500.00"}}, {"model": "document.invoiceitem", "pk": 6, "fields": {"invoice": 5, "service": 5, "quantity": 1, "price": "392800.00"}}, {"model": "document.invoiceitem", "pk": 7, "fields": {"invoice": 6, "service": 3, "quantity": 1, "price": "793500.00"}}, {"model": "document.invoiceitem", "pk": 8, "fields": {"invoice": 7, "service": 4, "quantity": 1, "price": "368600.00"}}, {"model": "document.invoiceitem", "pk": 9, "fields": {"invoice": 8, "service": 5, "quantity": 1, "price": "144600.00"}}, {"model": "document.invoiceitem", "pk": 10, "fields": {"invoice": 9, "service": 4, "quantity": 1, "price": "400000.00"}}, {"model": "document.invoiceitem", "pk": 11, "fields": {"invoice": 10, "service": 3, "quantity": 1, "price": "795900.00"}}, {"model": "document.invoiceitem", "pk": 12, "fields": {"invoice": 11, "service": 4, "quantity": 1, "price": "240000.00"}}, {"model": "document.invoiceitem", "pk": 13, "fields": {"invoice": 12, "service": 3, "quantity": 1, "price": "1005700.00"}}, {"model": "document.invoiceitem", "pk": 14, "fields": {"invoice": 13, "service": 4, "quantity": 1, "price": "225280.00"}}, {"model": "document.invoiceitem", "pk": 15, "fields": {"invoice": 14, "service": 6, "quantity": 1, "price": "338800.00"}}, {"model": "document.invoiceitem", "pk": 16, "fields": {"invoice": 15, "service": 3, "quantity": 1, "price": "111.00"}}, {"model": "document.invoiceitem", "pk": 17, "fields": {"invoice": 16, "service": 4, "quantity": 1, "price": "440000.00"}}, {"model": "document.invoiceitem", "pk": 18, "fields": {"invoice": 17, "service": 3, "quantity": 1, "price": "886300.00"}}, {"model": "document.invoiceitem", "pk": 19, "fields": {"invoice": 18, "service": 4, "quantity": 1, "price": "166600.00"}}, {"model": "document.invoiceitem", "pk": 20, "fields": {"invoice": 19, "service": 6, "quantity": 1, "price": "150900.00"}}, {"model": "document.invoiceitem", "pk": 21, "fields": {"invoice": 20, "service": 4, "quantity": 1, "price": "52500.00"}}, {"model": "document.invoiceitem", "pk": 22, "fields": {"invoice": 21, "service": 4, "quantity": 1, "price": "56700.00"}}, {"model": "document.invoiceitem", "pk": 23, "fields": {"invoice": 22, "service": 6, "quantity": 1, "price": "240800.00"}}, {"model": "document.invoiceitem", "pk": 24, "fields": {"invoice": 23, "service": 6, "quantity": 1, "price": "80300.00"}}, {"model": "document.invoiceitem", "pk": 25, "fields": {"invoice": 24, "service": 4, "quantity": 1, "price": "69200.00"}}, {"model": "document.invoiceitem", "pk": 26, "fields": {"invoice": 25, "service": 3, "quantity": 1, "price": "868500.00"}}, {"model": "document.invoiceitem", "pk": 27, "fields": {"invoice": 26, "service": 6, "quantity": 1, "price": "154700.00"}}, {"model": "document.invoiceitem", "pk": 28, "fields": {"invoice": 27, "service": 6, "quantity": 1, "price": "255300.00"}}, {"model": "document.invoiceitem", "pk": 29, "fields": {"invoice": 28, "service": 4, "quantity": 1, "price": "277500.00"}}, {"model": "document.invoiceitem", "pk": 30, "fields": {"invoice": 29, "service": 4, "quantity": 1, "price": "127700.00"}}, {"model": "document.invoiceitem", "pk": 31, "fields": {"invoice": 30, "service": 3, "quantity": 1, "price": "1028000.00"}}, {"model": "document.invoiceitem", "pk": 32, "fields": {"invoice": 31, "service": 7, "quantity": 1, "price": "195200.00"}}, {"model": "document.invoiceitem", "pk": 33, "fields": {"invoice": 32, "service": 4, "quantity": 1, "price": "80000.00"}}, {"model": "document.invoiceitem", "pk": 34, "fields": {"invoice": 33, "service": 6, "quantity": 1, "price": "149600.00"}}, {"model": "document.invoiceitem", "pk": 35, "fields": {"invoice": 34, "service": 6, "quantity": 1, "price": "96200.00"}}, {"model": "document.invoiceitem", "pk": 36, "fields": {"invoice": 35, "service": 3, "quantity": 1, "price": "895200.00"}}, {"model": "document.invoiceitem", "pk": 37, "fields": {"invoice": 36, "service": 4, "quantity": 1, "price": "277500.00"}}, {"model": "auth.permission", "pk": 1, "fields": {"name": "Can add log entry", "content_type": 1, "codename": "add_logentry"}}, {"model": "auth.permission", "pk": 2, "fields": {"name": "Can change log entry", "content_type": 1, "codename": "change_logentry"}}, {"model": "auth.permission", "pk": 3, "fields": {"name": "Can delete log entry", "content_type": 1, "codename": "delete_logentry"}}, {"model": "auth.permission", "pk": 4, "fields": {"name": "Can view log entry", "content_type": 1, "codename": "view_logentry"}}, {"model": "auth.permission", "pk": 5, "fields": {"name": "Can add permission", "content_type": 2, "codename": "add_permission"}}, {"model": "auth.permission", "pk": 6, "fields": {"name": "Can change permission", "content_type": 2, "codename": "change_permission"}}, {"model": "auth.permission", "pk": 7, "fields": {"name": "Can delete permission", "content_type": 2, "codename": "delete_permission"}}, {"model": "auth.permission", "pk": 8, "fields": {"name": "Can view permission", "content_type": 2, "codename": "view_permission"}}, {"model": "auth.permission", "pk": 9, "fields": {"name": "Can add group", "content_type": 3, "codename": "add_group"}}, {"model": "auth.permission", "pk": 10, "fields": {"name": "Can change group", "content_type": 3, "codename": "change_group"}}, {"model": "auth.permission", "pk": 11, "fields": {"name": "Can delete group", "content_type": 3, "codename": "delete_group"}}, {"model": "auth.permission", "pk": 12, "fields": {"name": "Can view group", "content_type": 3, "codename": "view_group"}}, {"model": "auth.permission", "pk": 13, "fields": {"name": "Can add user", "content_type": 4, "codename": "add_user"}}, {"model": "auth.permission", "pk": 14, "fields": {"name": "Can change user", "content_type": 4, "codename": "change_user"}}, {"model": "auth.permission", "pk": 15, "fields": {"name": "Can delete user", "content_type": 4, "codename": "delete_user"}}, {"model": "auth.permission", "pk": 16, "fields": {"name": "Can view user", "content_type": 4, "codename": "view_user"}}, {"model": "auth.permission", "pk": 17, "fields": {"name": "Can add content type", "content_type": 5, "codename": "add_contenttype"}}, {"model": "auth.permission", "pk": 18, "fields": {"name": "Can change content type", "content_type": 5, "codename": "change_contenttype"}}, {"model": "auth.permission", "pk": 19, "fields": {"name": "Can delete content type", "content_type": 5, "codename": "delete_contenttype"}}, {"model": "auth.permission", "pk": 20, "fields": {"name": "Can view content type", "content_type": 5, "codename": "view_contenttype"}}, {"model": "auth.permission", "pk": 21, "fields": {"name": "Can add session", "content_type": 6, "codename": "add_session"}}, {"model": "auth.permission", "pk": 22, "fields": {"name": "Can change session", "content_type": 6, "codename": "change_session"}}, {"model": "auth.permission", "pk": 23, "fields": {"name": "Can delete session", "content_type": 6, "codename": "delete_session"}}, {"model": "auth.permission", "pk": 24, "fields": {"name": "Can view session", "content_type": 6, "codename": "view_session"}}, {"model": "auth.permission", "pk": 25, "fields": {"name": "Can add \u041a\u043e\u043c\u043f\u0430\u043d\u0438\u044f", "content_type": 7, "codename": "add_company"}}, {"model": "auth.permission", "pk": 26, "fields": {"name": "Can change \u041a\u043e\u043c\u043f\u0430\u043d\u0438\u044f", "content_type": 7, "codename": "change_company"}}, {"model": "auth.permission", "pk": 27, "fields": {"name": "Can delete \u041a\u043e\u043c\u043f\u0430\u043d\u0438\u044f", "content_type": 7, "codename": "delete_company"}}, {"model": "auth.permission", "pk": 28, "fields": {"name": "Can view \u041a\u043e\u043c\u043f\u0430\u043d\u0438\u044f", "content_type": 7, "codename": "view_company"}}, {"model": "auth.permission", "pk": 29, "fields": {"name": "Can add \u0411\u0430\u043d\u043a\u043e\u0432\u0441\u043a\u0438\u0439 \u0441\u0447\u0435\u0442", "content_type": 8, "codename": "add_account"}}, {"model": "auth.permission", "pk": 30, "fields": {"name": "Can change \u0411\u0430\u043d\u043a\u043e\u0432\u0441\u043a\u0438\u0439 \u0441\u0447\u0435\u0442", "content_type": 8, "codename": "change_account"}}, {"model": "auth.permission", "pk": 31, "fields": {"name": "Can delete \u0411\u0430\u043d\u043a\u043e\u0432\u0441\u043a\u0438\u0439 \u0441\u0447\u0435\u0442", "content_type": 8, "codename": "delete_account"}}, {"model": "auth.permission", "pk": 32, "fields": {"name": "Can view \u0411\u0430\u043d\u043a\u043e\u0432\u0441\u043a\u0438\u0439 \u0441\u0447\u0435\u0442", "content_type": 8, "codename": "view_account"}}, {"model": "auth.permission", "pk": 33, "fields": {"name": "Can add \u0423\u0441\u043b\u0443\u0433\u0430", "content_type": 9, "codename": "add_service"}}, {"model": "auth.permission", "pk": 34, "fields": {"name": "Can change \u0423\u0441\u043b\u0443\u0433\u0430", "content_type": 9, "codename": "change_service"}}, {"model": "auth.permission", "pk": 35, "fields": {"name": "Can delete \u0423\u0441\u043b\u0443\u0433\u0430", "content_type": 9, "codename": "delete_service"}}, {"model": "auth.permission", "pk": 36, "fields": {"name": "Can view \u0423\u0441\u043b\u0443\u0433\u0430", "content_type": 9, "codename": "view_service"}}, {"model": "auth.permission", "pk": 37, "fields": {"name": "Can add \u0421\u0447\u0435\u0442", "content_type": 10, "codename": "add_invoice"}}, {"model": "auth.permission", "pk": 38, "fields": {"name": "Can change \u0421\u0447\u0435\u0442", "content_type": 10, "codename": "change_invoice"}}, {"model": "auth.permission", "pk": 39, "fields": {"name": "Can delete \u0421\u0447\u0435\u0442", "content_type": 10, "codename": "delete_invoice"}}, {"model": "auth.permission", "pk": 40, "fields": {"name": "Can view \u0421\u0447\u0435\u0442", "content_type": 10, "codename": "view_invoice"}}, {"model": "auth.permission", "pk": 41, "fields": {"name": "Can add invoice item", "content_type": 11, "codename": "add_invoiceitem"}}, {"model": "auth.permission", "pk": 42, "fields": {"name": "Can change invoice item", "content_type": 11, "codename": "change_invoiceitem"}}, {"model": "auth.permission", "pk": 43, "fields": {"name": "Can delete invoice item", "content_type": 11, "codename": "delete_invoiceitem"}}, {"model": "auth.permission", "pk": 44, "fields": {"name": "Can view invoice item", "content_type": 11, "codename": "view_invoiceitem"}}, {"model": "auth.permission", "pk": 45, "fields": {"name": "Can add \u0418\u0437\u0434\u0435\u043b\u0438\u0435", "content_type": 12, "codename": "add_product"}}, {"model": "auth.permission", "pk": 46, "fields": {"name": "Can change \u0418\u0437\u0434\u0435\u043b\u0438\u0435", "content_type": 12, "codename": "change_product"}}, {"model": "auth.permission", "pk": 47, "fields": {"name": "Can delete \u0418\u0437\u0434\u0435\u043b\u0438\u0435", "content_type": 12, "codename": "delete_product"}}, {"model": "auth.permission", "pk": 48, "fields": {"name": "Can view \u0418\u0437\u0434\u0435\u043b\u0438\u0435", "content_type": 12, "codename": "view_product"}}, {"model": "auth.permission", "pk": 49, "fields": {"name": "Can add \u0412\u0438\u0434 \u0440\u0430\u0431\u043e\u0442\u044b", "content_type": 13, "codename": "add_productitem"}}, {"model": "auth.permission", "pk": 50, "fields": {"name": "Can change \u0412\u0438\u0434 \u0440\u0430\u0431\u043e\u0442\u044b", "content_type": 13, "codename": "change_productitem"}}, {"model": "auth.permission", "pk": 51, "fields": {"name": "Can delete \u0412\u0438\u0434 \u0440\u0430\u0431\u043e\u0442\u044b", "content_type": 13, "codename": "delete_productitem"}}, {"model": "auth.permission", "pk": 52, "fields": {"name": "Can view \u0412\u0438\u0434 \u0440\u0430\u0431\u043e\u0442\u044b", "content_type": 13, "codename": "view_productitem"}}, {"model": "auth.user", "pk": 1, "fields": {"password": "pbkdf2_sha256$120000$LH2ew0AMoVgZ$gjFh5FbKngcRlYcqUVNKObzlZvxYKAIdgW5smGe5wfI=", "last_login": "2022-07-13T18:02:11.939Z", "is_superuser": true, "username": "hanagantig", "first_name": "", "last_name": "", "email": "hanagantig@gmail.com", "is_staff": true, "is_active": true, "date_joined": "2022-07-13T17:51:19.527Z", "groups": [], "user_permissions": []}}, {"model": "auth.user", "pk": 2, "fields": {"password": "pbkdf2_sha256$120000$HzF9SkUYK5eA$VwkezD1W9SYtkHUcw4XQyJXYQVMX3R+4DFPfPmlurkk=", "last_login": "2024-05-24T20:24:18.475Z", "is_superuser": false, "username": "smartlab", "first_name": "", "last_name": "", "email": "", "is_staff": true, "is_active": true, "date_joined": "2022-07-13T17:52:06Z", "groups": [], "user_permissions": [29, 30, 31, 32, 33, 34, 35, 36, 25, 26, 27, 28, 37, 38, 39, 40, 41, 42, 43, 44, 45, 46, 47, 48, 49, 50, 51, 52]}}, {"model": "admin.logentry", "pk": 1, "fields": {"action_time": "2022-07-13T17:52:06.686Z", "user": 1, "content_type": 4, "object_id": "2", "object_repr": "smartlab", "action_flag": 1, "change_message": "[{\"added\": {}}]"}}, {"model": "admin.logentry", "pk": 2, "fields": {"action_time": "2022-07-13T17:53:18.827Z", "user": 1, "content_type": 4, "object_id": "2", "object_repr": "smartlab", "action_flag": 2, "change_message": "[{\"changed\": {\"fields\": [\"user_permissions\"]}}]"}}, {"model": "admin.logentry", "pk": 3, "fields": {"action_time": "2022-07-13T17:54:09.829Z", "user": 1, "content_type": 7, "object_id": "1", "object_repr": "\u044f", "action_flag": 1, "change_message": "[{\"added\": {}}, {\"added\": {\"name\": \"\\u0411\\u0430\\u043d\\u043a\\u043e\\u0432\\u0441\\u043a\\u0438\\u0439 \\u0441\\u0447\\u0435\\u0442\", \"object\": \"\\u044f (\\u043f\\u0432\\u0430\\u043f\\u044b\\u0432\\u0430)\"}}]"}}, {"model": "admin.logentry", "pk": 4, "fields": {"action_time": "2022-07-13T17:54:31.896Z", "user": 1, "content_type": 7, "object_id": "2", "object_repr": "\u0442\u044b", "action_flag": 1, "change_message": "[{\"added\": {}}, {\"added\": {\"name\": \"\\u0411\\u0430\\u043d\\u043a\\u043e\\u0432\\u0441\\u043a\\u0438\\u0439 \\u0441\\u0447\\u0435\\u0442\", \"object\": \"\\u0442\\u044b (856765)\"}}]"}}, {"model": "admin.logentry", "pk": 5, "fields": {"action_time": "2022-07-13T17:54:40.772Z", "user": 1, "content_type": 9, "object_id": "1", "object_repr": "\u0432\u0430\u0437\u0430", "action_flag": 1, "change_message": "[{\"added\": {}}]"}}, {"model": "admin.logentry", "pk": 6, "fields": {"action_time": "2022-07-13T17:54:52.467Z", "user": 1, "content_type": 9, "object_id": "2", "object_repr": "\u0432\u044b\u043f\u044b\u0430", "action_flag": 1, "change_message": "[{\"added\": {}}]"}}, {"model": "admin.logentry", "pk": 7, "fields": {"action_time": "2022-07-13T17:54:55.239Z", "user": 1, "content_type": 10, "object_id": "1", "object_repr": "\u0442\u044b", "action_flag": 1, "change_message": "[{\"added\": {}}, {\"added\": {\"name\": \"invoice item\", \"object\": \"InvoiceItem object (1)\"}}, {\"added\": {\"name\": \"invoice item\", \"object\": \"InvoiceItem object (2)\"}}]"}}, {"model": "admin.logentry", "pk": 8, "fields": {"action_time": "2022-07-13T17:55:41.775Z", "user": 1, "content_type": 10, "object_id": "1", "object_repr": "\u0442\u044b", "action_flag": 3, "change_message": ""}}, {"model": "admin.logentry", "pk": 9, "fields": {"action_time": "2022-07-13T17:55:52.557Z", "user": 1, "content_type": 9, "object_id": "2", "object_repr": "\u0432\u044b\u043f\u044b\u0430", "action_flag": 3, "change_message": ""}}, {"model": "admin.logentry", "pk": 10, "fields": {"action_time": "2022-07-13T17:55:52.562Z", "user": 1, "content_type": 9, "object_id": "1", "object_repr": "\u0432\u0430\u0437\u0430", "action_flag": 3, "change_message": ""}}, {"model": "admin.logentry", "pk": 11, "fields": {"action_time": "2022-07-13T17:56:02.429Z", "user": 1, "content_type": 7, "object_id": "2", "object_repr": "\u0442\u044b", "action_flag": 3, "change_message": ""}}, {"model": "admin.logentry", "pk": 12, "fields": {"action_time": "2022-07-13T17:56:02.435Z", "user": 1, "content_type": 7, "object_id": "1", "object_repr": "\u044f", "action_flag": 3, "change_message": ""}}, {"model": "admin.logentry", "pk": 13, "fields": {"action_time": "2022-07-13T18:02:30.035Z", "user": 1, "content_type": 4, "object_id": "2", "object_repr": "smartlab", "action_flag": 2, "change_message": "[{\"changed\": {\"fields\": [\"is_staff\"]}}]"}}, {"model": "admin.logentry", "pk": 14, "fields": {"action_time": "2022-07-14T14:20:53.703Z", "user": 2, "content_type": 7, "object_id": "3", "object_repr": "\u041e\u041e\u041e \"\u0421\u0442\u0440\u0430\u0439\u0434\"", "action_flag": 1, "change_message": "[{\"added\": {}}, {\"added\": {\"name\": \"\\u0411\\u0430\\u043d\\u043a\\u043e\\u0432\\u0441\\u043a\\u0438\\u0439 \\u0441\\u0447\\u0435\\u0442\", \"object\": \"\\u041e\\u041e\\u041e \\\"\\u0421\\u0442\\u0440\\u0430\\u0439\\u0434\\\" (\\u041f\\u0410\\u041e \\u0412\\u0422\\u0411, \\u0444\\u0438\\u043b\\u0438\\u0430\\u043b \\u21163652 \\u0433. \\u0412\\u043e\\u0440\\u043e\\u043d\\u0435\\u0436)\"}}]"}}, {"model": "admin.logentry", "pk": 15, "fields": {"action_time": "2022-07-14T14:29:47.424Z", "user": 2, "content_type": 7, "object_id": "4", "object_repr": "\u0418\u041f \u041b\u0435\u0432\u0430\u043d\u0434\u043e\u0432\u0441\u043a\u0430\u044f \u041e.\u0412.", "action_flag": 1, "change_message": "[{\"added\": {}}, {\"added\": {\"name\": \"\\u0411\\u0430\\u043d\\u043a\\u043e\\u0432\\u0441\\u043a\\u0438\\u0439 \\u0441\\u0447\\u0435\\u0442\", \"object\": \"\\u0418\\u041f \\u041b\\u0435\\u0432\\u0430\\u043d\\u0434\\u043e\\u0432\\u0441\\u043a\\u0430\\u044f \\u041e.\\u0412. (\\u0410\\u041e \\\"\\u0422\\u0418\\u041d\\u042c\\u041a\\u041e\\u0424\\u0424 \\u0411\\u0410\\u041d\\u041a\\\")\"}}]"}}, {"model": "admin.logentry", "pk": 16, "fields": {"action_time": "2022-07-14T14:30:33.157Z", "user": 2, "content_type": 7, "object_id": "3", "object_repr": "\u041e\u041e\u041e \"\u0421\u0442\u0440\u0430\u0439\u0434\"", "action_flag": 2, "change_message": "[{\"changed\": {\"fields\": [\"address\"]}}]"}}, {"model": "admin.logentry", "pk": 17, "fields": {"action_time": "2022-07-14T14:32:08.624Z", "user": 2, "content_type": 9, "object_id": "3", "object_repr": "\u041e\u043a\u0430\u0437\u0430\u043d\u0438\u0435 \u0443\u0441\u043b\u0443\u0433 \u0432 \u0441\u043e\u043e\u0442\u0432\u0435\u0442\u0441\u0442\u0432\u0438\u0438 \u0441 \u0434\u043e\u0433\u043e\u0432\u043e\u0440\u043e\u043c \u211618/07 \u043e\u0442 18.07.2018 \u0433\u043e\u0434\u0430", "action_flag": 1, "change_message": "[{\"added\": {}}]"}}, {"model": "admin.logentry", "pk": 18, "fields": {"action_time": "2022-07-14T14:36:07.400Z", "user": 2, "content_type": 10, "object_id": "2", "object_repr": "\u041e\u041e\u041e \"\u0421\u0442\u0440\u0430\u0439\u0434\"", "action_flag": 1, "change_message": "[{\"added\": {}}, {\"added\": {\"name\": \"invoice item\", \"object\": \"InvoiceItem object (3)\"}}]"}}, {"model": "admin.logentry", "pk": 19, "fields": {"action_time": "2022-07-14T16:03:00.888Z", "user": 2, "content_type": 7, "object_id": "5", "object_repr": "\u041e\u041e\u041e \"\u041c\u0438\u0410\u043d \u0434\u0435\u043d\u0442\"", "action_flag": 1, "change_message": "[{\"added\": {}}, {\"added\": {\"name\": \"\\u0411\\u0430\\u043d\\u043a\\u043e\\u0432\\u0441\\u043a\\u0438\\u0439 \\u0441\\u0447\\u0435\\u0442\", \"object\": \"\\u041e\\u041e\\u041e \\\"\\u041c\\u0438\\u0410\\u043d \\u0434\\u0435\\u043d\\u0442\\\" (\\u041f\\u0410\\u041e \\\"\\u0421\\u0411\\u0415\\u0420\\u0411\\u0410\\u041d\\u041a\\\")\"}}]"}}, {"model": "admin.logentry", "pk": 20, "fields": {"action_time": "2022-07-14T16:04:23.788Z", "user": 2, "content_type": 9, "object_id": "4", "object_repr": "\u041e\u043a\u0430\u0437\u0430\u043d\u0438\u0435 \u0443\u0441\u043b\u0443\u0433 \u0432 \u0441\u043e\u043e\u0442\u0432\u0435\u0442\u0441\u0442\u0432\u0438\u0438 \u0441 \u0434\u043e\u0433\u043e\u0432\u043e\u0440\u043e\u043c \u211614/07 \u043e\u0442 14.07.2022 \u0433\u043e\u0434\u0430", "action_flag": 1, "change_message": "[{\"added\": {}}]"}}, {"model": "admin.logentry", "pk": 21, "fields": {"action_time": "2022-07-14T16:05:09.431Z", "user": 2, "content_type": 10, "object_id": "3", "object_repr": "\u041e\u041e\u041e \"\u041c\u0438\u0410\u043d \u0434\u0435\u043d\u0442\"", "action_flag": 1, "change_message": "[{\"added\": {}}, {\"added\": {\"name\": \"invoice item\", \"object\": \"InvoiceItem object (4)\"}}]"}}, {"model": "admin.logentry", "pk": 22, "fields": {"action_time": "2022-08-18T18:37:29.334Z", "user": 2, "content_type": 10, "object_id": "4", "object_repr": "\u041e\u041e\u041e \"\u041c\u0438\u0410\u043d \u0434\u0435\u043d\u0442\"", "action_flag": 1, "change_message": "[{\"added\": {}}, {\"added\": {\"name\": \"invoice item\", \"object\": \"InvoiceItem object (5)\"}}]"}}, {"model": "admin.logentry", "pk": 23, "fields": {"action_time": "2022-09-05T11:49:28.478Z", "user": 2, "content_type": 7, "object_id": "6", "object_repr": "\u041e\u041e\u041e \"\u041c\u041e\u041d\u0411\u041b\u0410\u041d\"", "action_flag": 1, "change_message": "[{\"added\": {}}, {\"added\": {\"name\": \"\\u0411\\u0430\\u043d\\u043a\\u043e\\u0432\\u0441\\u043a\\u0438\\u0439 \\u0441\\u0447\\u0435\\u0442\", \"object\": \"\\u041e\\u041e\\u041e \\\"\\u041c\\u041e\\u041d\\u0411\\u041b\\u0410\\u041d\\\" (\\u0424\\u0438\\u043b\\u0438\\u0430\\u043b \\\"\\u0426\\u0435\\u043d\\u0442\\u0440\\u0430\\u043b\\u044c\\u043d\\u044b\\u0439\\\" \\u0431\\u0430\\u043d\\u043a\\u0430 \\u0412\\u0422\\u0411 \\u041f\\u0410\\u041e, \\u0433. \\u041c\\u043e\\u0441\\u043a\\u0432\\u0430)\"}}]"}}, {"model": "admin.logentry", "pk": 24, "fields": {"action_time": "2022-09-05T11:50:43.565Z", "user": 2, "content_type": 9, "object_id": "5", "object_repr": "\u041e\u043a\u0430\u0437\u0430\u043d\u0438\u0435 \u0443\u0441\u043b\u0443\u0433 \u0432 \u0441\u043e\u043e\u0442\u0432\u0435\u0442\u0441\u0442\u0432\u0438\u0438 \u0441 \u0434\u043e\u0433\u043e\u0432\u043e\u0440\u043e\u043c \u21160509/22 \u043e\u0442 05.09.2022 \u0433\u043e\u0434\u0430", "action_flag": 1, "change_message": "[{\"added\": {}}]"}}, {"model": "admin.logentry", "pk": 25, "fields": {"action_time": "2022-09-05T11:51:41.733Z", "user": 2, "content_type": 10, "object_id": "5", "object_repr": "\u041e\u041e\u041e \"\u041c\u041e\u041d\u0411\u041b\u0410\u041d\"", "action_flag": 1, "change_message": "[{\"added\": {}}, {\"added\": {\"name\": \"invoice item\", \"object\": \"InvoiceItem object (6)\"}}]"}}, {"model": "admin.logentry", "pk": 26, "fields": {"action_time": "2022-10-03T19:38:37.711Z", "user": 2, "content_type": 10, "object_id": "6", "object_repr": "\u041e\u041e\u041e \"\u0421\u0442\u0440\u0430\u0439\u0434\"", "action_flag": 1, "change_message": "[{\"added\": {}}, {\"added\": {\"name\": \"invoice item\", \"object\": \"InvoiceItem object (7)\"}}]"}}, {"model": "admin.logentry", "pk": 27, "fields": {"action_time": "2022-10-09T14:41:28.247Z", "user": 2, "content_type": 10, "object_id": "7", "object_repr": "\u041e\u041e\u041e \"\u041c\u0438\u0410\u043d \u0434\u0435\u043d\u0442\"", "action_flag": 1, "change_message": "[{\"added\": {}}, {\"added\": {\"name\": \"invoice item\", \"object\": \"InvoiceItem object (8)\"}}]"}}, {"model": "admin.logentry", "pk": 28, "fields": {"action_time": "2022-10-18T19:15:54.305Z", "user": 2, "content_type": 10, "object_id": "8", "object_repr": "\u041e\u041e\u041e \"\u041c\u041e\u041d\u0411\u041b\u0410\u041d\"", "action_flag": 1, "change_message": "[{\"added\": {}}, {\"added\": {\"name\": \"invoice item\", \"object\": \"InvoiceItem object (9)\"}}]"}}, {"model": "admin.logentry", "pk": 29, "fields": {"action_time": "2022-11-28T17:09:36.666Z", "user": 2, "content_type": 10, "object_id": "9", "object_repr": "\u041e\u041e\u041e \"\u041c\u0438\u0410\u043d \u0434\u0435\u043d\u0442\"", "action_flag": 1, "change_message": "[{\"added\": {}}, {\"added\": {\"name\": \"invoice item\", \"object\": \"InvoiceItem object (10)\"}}]"}}, {"model": "admin.logentry", "pk": 30, "fields": {"action_time": "2022-12-20T16:56:09.097Z", "user": 2, "content_type": 10, "object_id": "10", "object_repr": "\u041e\u041e\u041e \"\u0421\u0442\u0440\u0430\u0439\u0434\"", "action_flag": 1, "change_message": "[{\"added\": {}}, {\"added\": {\"name\": \"invoice item\", \"object\": \"InvoiceItem object (11)\"}}]"}}, {"model": "admin.logentry", "pk": 31, "fields": {"action_time": "2022-12-26T14:37:01.614Z", "user": 2, "content_type": 10, "object_id": "11", "object_repr": "\u041e\u041e\u041e \"\u041c\u0438\u0410\u043d \u0434\u0435\u043d\u0442\"", "action_flag": 1, "change_message": "[{\"added\": {}}, {\"added\": {\"name\": \"invoice item\", \"object\": \"InvoiceItem object (12)\"}}]"}}, {"model": "admin.logentry", "pk": 32, "fields": {"action_time": "2023-03-12T10:32:07.077Z", "user": 2, "content_type": 10, "object_id": "12", "object_repr": "\u041e\u041e\u041e \"\u0421\u0442\u0440\u0430\u0439\u0434\"", "action_flag": 1, "change_message": "[{\"added\": {}}, {\"added\": {\"name\": \"invoice item\", \"object\": \"InvoiceItem object (13)\"}}]"}}, {"model": "admin.logentry", "pk": 33, "fields": {"action_time": "2023-03-27T16:48:11.944Z", "user": 2, "content_type": 10, "object_id": "13", "object_repr": "\u041e\u041e\u041e \"\u041c\u0438\u0410\u043d \u0434\u0435\u043d\u0442\"", "action_flag": 1, "change_message": "[{\"added\": {}}, {\"added\": {\"name\": \"invoice item\", \"object\": \"InvoiceItem object (14)\"}}]"}}, {"model": "admin.logentry", "pk": 34, "fields": {"action_time": "2023-03-27T16:52:41.643Z", "user": 2, "content_type": 10, "object_id": "13", "object_repr": "\u041e\u041e\u041e \"\u041c\u0438\u0410\u043d \u0434\u0435\u043d\u0442\"", "action_flag": 2, "change_message": "[{\"changed\": {\"name\": \"invoice item\", \"object\": \"InvoiceItem object (14)\", \"fields\": [\"price\"]}}]"}}, {"model": "admin.logentry", "pk": 35, "fields": {"action_time": "2023-04-19T15:45:46.219Z", "user": 2, "content_type": 7, "object_id": "7", "object_repr": "\u041e\u041e\u041e \"\u041a\u043b\u0438\u043d\u0438\u043a\u0430 \u041b\u0438\u0448\u0442\u0432\u0430\u043d\u0430 \u0410.\u041d.\"", "action_flag": 1, "change_message": "[{\"added\": {}}, {\"added\": {\"name\": \"\\u0411\\u0430\\u043d\\u043a\\u043e\\u0432\\u0441\\u043a\\u0438\\u0439 \\u0441\\u0447\\u0435\\u0442\", \"object\": \"\\u041e\\u041e\\u041e \\\"\\u041a\\u043b\\u0438\\u043d\\u0438\\u043a\\u0430 \\u041b\\u0438\\u0448\\u0442\\u0432\\u0430\\u043d\\u0430 \\u0410.\\u041d.\\\" (\\u041e\\u0410\\u041e \\u0410\\u041a\\u0411 \\\"\\u0410\\u0432\\u0430\\u043d\\u0433\\u0430\\u0440\\u0434\\\" \\u0433. \\u041c\\u043e\\u0441\\u0441\\u043a\\u0432\\u0430)\"}}]"}}, {"model": "admin.logentry", "pk": 36, "fields": {"action_time": "2023-04-19T15:47:33.711Z", "user": 2, "content_type": 9, "object_id": "6", "object_repr": "\u041e\u043a\u0430\u0437\u0430\u043d\u0438\u0435 \u0443\u0441\u043b\u0443\u0433 \u0432 \u0441\u043e\u043e\u0442\u0432\u0435\u0442\u0441\u0442\u0432\u0438\u0438 \u0441 \u0434\u043e\u0433\u043e\u0432\u043e\u0440\u043e\u043c \u2116 1904/23 \u043e\u0442 19.04.2023", "action_flag": 1, "change_message": "[{\"added\": {}}]"}}, {"model": "admin.logentry", "pk": 37, "fields": {"action_time": "2023-04-19T15:47:50.339Z", "user": 2, "content_type": 9, "object_id": "6", "object_repr": "\u041e\u043a\u0430\u0437\u0430\u043d\u0438\u0435 \u0443\u0441\u043b\u0443\u0433 \u0432 \u0441\u043e\u043e\u0442\u0432\u0435\u0442\u0441\u0442\u0432\u0438\u0438 \u0441 \u0434\u043e\u0433\u043e\u0432\u043e\u0440\u043e\u043c \u2116 1904/23 \u043e\u0442 19.04.2023 \u0433\u043e\u0434\u0430", "action_flag": 2, "change_message": "[{\"changed\": {\"fields\": [\"name\"]}}]"}}, {"model": "admin.logentry", "pk": 38, "fields": {"action_time": "2023-04-19T15:47:56.830Z", "user": 2, "content_type": 9, "object_id": "5", "object_repr": "\u041e\u043a\u0430\u0437\u0430\u043d\u0438\u0435 \u0443\u0441\u043b\u0443\u0433 \u0432 \u0441\u043e\u043e\u0442\u0432\u0435\u0442\u0441\u0442\u0432\u0438\u0438 \u0441 \u0434\u043e\u0433\u043e\u0432\u043e\u0440\u043e\u043c \u21160509/22 \u043e\u0442 05.09.2022 \u0433\u043e\u0434\u0430", "action_flag": 2, "change_message": "[]"}}, {"model": "admin.logentry", "pk": 39, "fields": {"action_time": "2023-04-19T15:48:02.658Z", "user": 2, "content_type": 9, "object_id": "4", "object_repr": "\u041e\u043a\u0430\u0437\u0430\u043d\u0438\u0435 \u0443\u0441\u043b\u0443\u0433 \u0432 \u0441\u043e\u043e\u0442\u0432\u0435\u0442\u0441\u0442\u0432\u0438\u0438 \u0441 \u0434\u043e\u0433\u043e\u0432\u043e\u0440\u043e\u043c \u211614/07 \u043e\u0442 14.07.2022 \u0433\u043e\u0434\u0430", "action_flag": 2, "change_message": "[]"}}, {"model": "admin.logentry", "pk": 40, "fields": {"action_time": "2023-04-19T15:50:04.409Z", "user": 2, "content_type": 10, "object_id": "14", "object_repr": "\u041e\u041e\u041e \"\u041a\u043b\u0438\u043d\u0438\u043a\u0430 \u041b\u0438\u0448\u0442\u0432\u0430\u043d\u0430 \u0410.\u041d.\"", "action_flag": 1, "change_message": "[{\"added\": {}}, {\"added\": {\"name\": \"invoice item\", \"object\": \"InvoiceItem object (15)\"}}]"}}, {"model": "admin.logentry", "pk": 41, "fields": {"action_time": "2023-04-19T16:34:16.702Z", "user": 2, "content_type": 7, "object_id": "7", "object_repr": "\u041e\u041e\u041e \"\u0421\u0442\u043e\u043c\u0430\u0442\u043e\u043b\u043e\u0433\u0438\u0447\u0435\u0441\u043a\u0430\u044f \u043a\u043b\u0438\u043d\u0438\u043a\u0430 \u041b\u0438\u0448\u0442\u0432\u0430\u043d\u0430 \u0410.\u041d.\"", "action_flag": 2, "change_message": "[{\"changed\": {\"fields\": [\"name\"]}}]"}}, {"model": "admin.logentry", "pk": 42, "fields": {"action_time": "2023-04-19T16:34:32.304Z", "user": 2, "content_type": 10, "object_id": "14", "object_repr": "\u041e\u041e\u041e \"\u0421\u0442\u043e\u043c\u0430\u0442\u043e\u043b\u043e\u0433\u0438\u0447\u0435\u0441\u043a\u0430\u044f \u043a\u043b\u0438\u043d\u0438\u043a\u0430 \u041b\u0438\u0448\u0442\u0432\u0430\u043d\u0430 \u0410.\u041d.\"", "action_flag": 2, "change_message": "[]"}}, {"model": "admin.logentry", "pk": 43, "fields": {"action_time": "2023-04-20T13:28:46.351Z", "user": 2, "content_type": 7, "object_id": "8", "object_repr": "\u043e\u043e\u043e \"\u0421\u0414\u041b\"", "action_flag": 1, "change_message": "[{\"added\": {}}, {\"added\": {\"name\": \"\\u0411\\u0430\\u043d\\u043a\\u043e\\u0432\\u0441\\u043a\\u0438\\u0439 \\u0441\\u0447\\u0435\\u0442\", \"object\": \"\\u043e\\u043e\\u043e \\\"\\u0421\\u0414\\u041b\\\" (\\u0422\\u0432\\u0435\\u0440\\u0441\\u043a\\u043e\\u0435 \\u041e\\u0442\\u0434\\u0435\\u043b\\u0435\\u043d\\u0438\\u0435 \\u21168607 \\u041f\\u0410\\u041e \\u0421\\u0431\\u0435\\u0440\\u0431\\u0430\\u043d\\u043a)\"}}]"}}, {"model": "admin.logentry", "pk": 44, "fields": {"action_time": "2023-04-20T13:29:03.274Z", "user": 2, "content_type": 7, "object_id": "8", "object_repr": "\u041e\u041e\u041e \"\u0421\u0414\u041b\"", "action_flag": 2, "change_message": "[{\"changed\": {\"fields\": [\"name\"]}}, {\"changed\": {\"name\": \"\\u0411\\u0430\\u043d\\u043a\\u043e\\u0432\\u0441\\u043a\\u0438\\u0439 \\u0441\\u0447\\u0435\\u0442\", \"object\": \"\\u041e\\u041e\\u041e \\\"\\u0421\\u0414\\u041b\\\" (\\u0422\\u0432\\u0435\\u0440\\u0441\\u043a\\u043e\\u0435 \\u041e\\u0442\\u0434\\u0435\\u043b\\u0435\\u043d\\u0438\\u0435 \\u21168607 \\u041f\\u0410\\u041e \\u0421\\u0431\\u0435\\u0440\\u0431\\u0430\\u043d\\u043a)\", \"fields\": [\"default\"]}}]"}}, {"model": "admin.logentry", "pk": 45, "fields": {"action_time": "2023-04-20T13:32:29.783Z", "user": 2, "content_type": 10, "object_id": "15", "object_repr": "\u041e\u041e\u041e \"\u0421\u0442\u0440\u0430\u0439\u0434\"", "action_flag": 1, "change_message": "[{\"added\": {}}, {\"added\": {\"name\": \"invoice item\", \"object\": \"InvoiceItem object (16)\"}}]"}}, {"model": "admin.logentry", "pk": 46, "fields": {"action_time": "2023-04-20T13:33:45.823Z", "user": 2, "content_type": 10, "object_id": "15", "object_repr": "\u041e\u041e\u041e \"\u0421\u0442\u0440\u0430\u0439\u0434\"", "action_flag": 2, "change_message": "[{\"changed\": {\"fields\": [\"number\"]}}, {\"changed\": {\"name\": \"invoice item\", \"object\": \"InvoiceItem object (16)\", \"fields\": [\"price\"]}}]"}}, {"model": "admin.logentry", "pk": 47, "fields": {"action_time": "2023-05-15T10:58:43.534Z", "user": 2, "content_type": 10, "object_id": "16", "object_repr": "\u041e\u041e\u041e \"\u041c\u0438\u0410\u043d \u0434\u0435\u043d\u0442\"", "action_flag": 1, "change_message": "[{\"added\": {}}, {\"added\": {\"name\": \"invoice item\", \"object\": \"InvoiceItem object (17)\"}}]"}}, {"model": "admin.logentry", "pk": 48, "fields": {"action_time": "2023-06-24T15:00:29.914Z", "user": 2, "content_type": 10, "object_id": "17", "object_repr": "\u041e\u041e\u041e \"\u0421\u0442\u0440\u0430\u0439\u0434\"", "action_flag": 1, "change_message": "[{\"added\": {}}, {\"added\": {\"name\": \"invoice item\", \"object\": \"InvoiceItem object (18)\"}}]"}}, {"model": "admin.logentry", "pk": 49, "fields": {"action_time": "2023-07-17T14:05:22.139Z", "user": 2, "content_type": 10, "object_id": "18", "object_repr": "\u041e\u041e\u041e \"\u041c\u0438\u0410\u043d \u0434\u0435\u043d\u0442\"", "action_flag": 1, "change_message": "[{\"added\": {}}, {\"added\": {\"name\": \"invoice item\", \"object\": \"InvoiceItem object (19)\"}}]"}}, {"model": "admin.logentry", "pk": 50, "fields": {"action_time": "2023-08-09T16:51:10.540Z", "user": 2, "content_type": 10, "object_id": "19", "object_repr": "\u041e\u041e\u041e \"\u0421\u0442\u043e\u043c\u0430\u0442\u043e\u043b\u043e\u0433\u0438\u0447\u0435\u0441\u043a\u0430\u044f \u043a\u043b\u0438\u043d\u0438\u043a\u0430 \u041b\u0438\u0448\u0442\u0432\u0430\u043d\u0430 \u0410.\u041d.\"", "action_flag": 1, "change_message": "[{\"added\": {}}, {\"added\": {\"name\": \"invoice item\", \"object\": \"InvoiceItem object (20)\"}}]"}}, {"model": "admin.logentry", "pk": 51, "fields": {"action_time": "2023-08-18T16:43:03.451Z", "user": 2, "content_type": 10, "object_id": "17", "object_repr": "\u041e\u041e\u041e \"\u0421\u0442\u0440\u0430\u0439\u0434\"", "action_flag": 2, "change_message": "[{\"changed\": {\"name\": \"invoice item\", \"object\": \"InvoiceItem object (18)\", \"fields\": [\"price\"]}}]"}}, {"model": "admin.logentry", "pk": 52, "fields": {"action_time": "2023-08-18T16:43:15.042Z", "user": 2, "content_type": 10, "object_id": "17", "object_repr": "\u041e\u041e\u041e \"\u0421\u0442\u0440\u0430\u0439\u0434\"", "action_flag": 2, "change_message": "[]"}}, {"model": "admin.logentry", "pk": 53, "fields": {"action_time": "2023-09-04T09:22:47.660Z", "user": 2, "content_type": 10, "object_id": "20", "object_repr": "\u041e\u041e\u041e \"\u041c\u0438\u0410\u043d \u0434\u0435\u043d\u0442\"", "action_flag": 1, "change_message": "[{\"added\": {}}, {\"added\": {\"name\": \"invoice item\", \"object\": \"InvoiceItem object (21)\"}}]"}}, {"model": "admin.logentry", "pk": 54, "fields": {"action_time": "2023-10-09T17:23:32.105Z", "user": 2, "content_type": 10, "object_id": "21", "object_repr": "\u041e\u041e\u041e \"\u041c\u0438\u0410\u043d \u0434\u0435\u043d\u0442\"", "action_flag": 1, "change_message": "[{\"added\": {}}, {\"added\": {\"name\": \"invoice item\", \"object\": \"InvoiceItem object (22)\"}}]"}}, {"model": "admin.logentry", "pk": 55, "fields": {"action_time": "2023-10-16T12:27:10.776Z", "user": 2, "content_type": 10, "object_id": "22", "object_repr": "\u041e\u041e\u041e \"\u0421\u0442\u043e\u043c\u0430\u0442\u043e\u043b\u043e\u0433\u0438\u0447\u0435\u0441\u043a\u0430\u044f \u043a\u043b\u0438\u043d\u0438\u043a\u0430 \u041b\u0438\u0448\u0442\u0432\u0430\u043d\u0430 \u0410.\u041d.\"", "action_flag": 1, "change_message": "[{\"added\": {}}, {\"added\": {\"name\": \"invoice item\", \"object\": \"InvoiceItem object (23)\"}}]"}}, {"model": "admin.logentry", "pk": 56, "fields": {"action_time": "2023-10-30T15:54:23.623Z", "user": 2, "content_type": 10, "object_id": "23", "object_repr": "\u041e\u041e\u041e \"\u0421\u0442\u043e\u043c\u0430\u0442\u043e\u043b\u043e\u0433\u0438\u0447\u0435\u0441\u043a\u0430\u044f \u043a\u043b\u0438\u043d\u0438\u043a\u0430 \u041b\u0438\u0448\u0442\u0432\u0430\u043d\u0430 \u0410.\u041d.\"", "action_flag": 1, "change_message": "[{\"added\": {}}, {\"added\": {\"name\": \"invoice item\", \"object\": \"InvoiceItem object (24)\"}}]"}}, {"model": "admin.logentry", "pk": 57, "fields": {"action_time": "2023-11-09T19:21:19.041Z", "user": 2, "content_type": 10, "object_id": "24", "object_repr": "\u041e\u041e\u041e \"\u041c\u0438\u0410\u043d \u0434\u0435\u043d\u0442\"", "action_flag": 1, "change_message": "[{\"added\": {}}, {\"added\": {\"name\": \"invoice item\", \"object\": \"InvoiceItem object (25)\"}}]"}}, {"model": "admin.logentry", "pk": 58, "fields": {"action_time": "2023-11-12T19:15:07.577Z", "user": 2, "content_type": 10, "object_id": "25", "object_repr": "\u041e\u041e\u041e \"\u0421\u0442\u0440\u0430\u0439\u0434\"", "action_flag": 1, "change_message": "[{\"added\": {}}, {\"added\": {\"name\": \"invoice item\", \"object\": \"InvoiceItem object (26)\"}}]"}}, {"model": "admin.logentry", "pk": 59, "fields": {"action_time": "2023-12-05T19:42:57.001Z", "user": 2, "content_type": 10, "object_id": "26", "object_repr": "\u041e\u041e\u041e \"\u0421\u0442\u043e\u043c\u0430\u0442\u043e\u043b\u043e\u0433\u0438\u0447\u0435\u0441\u043a\u0430\u044f \u043a\u043b\u0438\u043d\u0438\u043a\u0430 \u041b\u0438\u0448\u0442\u0432\u0430\u043d\u0430 \u0410.\u041d.\"", "action_flag": 1, "change_message": "[{\"added\": {}}, {\"added\": {\"name\": \"invoice item\", \"object\": \"InvoiceItem object (27)\"}}]"}}, {"model": "admin.logentry", "pk": 60, "fields": {"action_time": "2023-12-14T19:29:21.678Z", "user": 2, "content_type": 10, "object_id": "27", "object_repr": "\u041e\u041e\u041e \"\u0421\u0442\u043e\u043c\u0430\u0442\u043e\u043b\u043e\u0433\u0438\u0447\u0435\u0441\u043a\u0430\u044f \u043a\u043b\u0438\u043d\u0438\u043a\u0430 \u041b\u0438\u0448\u0442\u0432\u0430\u043d\u0430 \u0410.\u041d.\"", "action_flag": 1, "change_message": "[{\"added\": {}}, {\"added\": {\"name\": \"invoice item\", \"object\": \"InvoiceItem object (28)\"}}]"}}, {"model": "admin.logentry", "pk": 61, "fields": {"action_time": "2023-12-20T17:06:07.635Z", "user": 2, "content_type": 10, "object_id": "28", "object_repr": "\u041e\u041e\u041e \"\u041c\u0438\u0410\u043d \u0434\u0435\u043d\u0442\"", "action_flag": 1, "change_message": "[{\"added\": {}}, {\"added\": {\"name\": \"invoice item\", \"object\": \"InvoiceItem object (29)\"}}]"}}, {"model": "admin.logentry", "pk": 62, "fields": {"action_time": "2024-01-25T14:12:27.193Z", "user": 2, "content_type": 10, "object_id": "29", "object_repr": "\u041e\u041e\u041e \"\u041c\u0438\u0410\u043d \u0434\u0435\u043d\u0442\"", "action_flag": 1, "change_message": "[{\"added\": {}}, {\"added\": {\"name\": \"invoice item\", \"object\": \"InvoiceItem object (30)\"}}]"}}, {"model": "admin.logentry", "pk": 63, "fields": {"action_time": "2024-02-05T16:18:29.985Z", "user": 2, "content_type": 10, "object_id": "30", "object_repr": "\u041e\u041e\u041e \"\u0421\u0442\u0440\u0430\u0439\u0434\"", "action_flag": 1, "change_message": "[{\"added\": {}}, {\"added\": {\"name\": \"invoice item\", \"object\": \"InvoiceItem object (31)\"}}]"}}, {"model": "admin.logentry", "pk": 64, "fields": {"action_time": "2024-02-26T14:29:03.845Z", "user": 2, "content_type": 7, "object_id": "9", "object_repr": "\u0414\u0430\u043d\u0442\u0438\u0441\u0442\u044a", "action_flag": 1, "change_message": "[{\"added\": {}}, {\"added\": {\"name\": \"\\u0411\\u0430\\u043d\\u043a\\u043e\\u0432\\u0441\\u043a\\u0438\\u0439 \\u0441\\u0447\\u0435\\u0442\", \"object\": \"\\u0414\\u0430\\u043d\\u0442\\u0438\\u0441\\u0442\\u044a (\\u0422\\u0432\\u0435\\u0440\\u0441\\u043a\\u043e\\u0435 \\u041e\\u0442\\u0434\\u0435\\u043b\\u0435\\u043d\\u0438\\u0435 \\u21168607 \\u041f\\u0410\\u041e \\u0421\\u0431\\u0435\\u0440\\u0431\\u0430\\u043d\\u043a)\"}}]"}}, {"model": "admin.logentry", "pk": 65, "fields": {"action_time": "2024-02-26T14:30:42.800Z", "user": 2, "content_type": 9, "object_id": "7", "object_repr": "\u041e\u043a\u0430\u0437\u0430\u043d\u0438\u0435 \u0443\u0441\u043b\u0443\u0433 \u0432 \u0441\u043e\u043e\u0442\u0432\u0435\u0442\u0441\u0442\u0432\u0438\u0438 \u0441 \u0434\u043e\u0433\u043e\u0432\u043e\u0440\u043e\u043c \u2116 2002/24 \u043e\u0442 20.02.2024", "action_flag": 1, "change_message": "[{\"added\": {}}]"}}, {"model": "admin.logentry", "pk": 66, "fields": {"action_time": "2024-02-26T14:31:43.147Z", "user": 2, "content_type": 7, "object_id": "9", "object_repr": "\u041e\u041e\u041e \"\u0414\u0430\u043d\u0442\u0438\u0441\u0442\u044a\"", "action_flag": 2, "change_message": "[{\"changed\": {\"fields\": [\"name\"]}}]"}}, {"model": "admin.logentry", "pk": 67, "fields": {"action_time": "2024-02-26T14:32:29.617Z", "user": 2, "content_type": 10, "object_id": "31", "object_repr": "\u041e\u041e\u041e \"\u0414\u0430\u043d\u0442\u0438\u0441\u0442\u044a\"", "action_flag": 1, "change_message": "[{\"added\": {}}, {\"added\": {\"name\": \"invoice item\", \"object\": \"InvoiceItem object (32)\"}}]"}}, {"model": "admin.logentry", "pk": 68, "fields": {"action_time": "2024-02-26T14:33:01.373Z", "user": 2, "content_type": 10, "object_id": "31", "object_repr": "\u041e\u041e\u041e \"\u0414\u0430\u043d\u0442\u0438\u0441\u0442\u044a\"", "action_flag": 2, "change_message": "[{\"changed\": {\"fields\": [\"number\"]}}]"}}, {"model": "admin.logentry", "pk": 69, "fields": {"action_time": "2024-03-04T12:38:21.136Z", "user": 2, "content_type": 10, "object_id": "32", "object_repr": "\u041e\u041e\u041e \"\u041c\u0438\u0410\u043d \u0434\u0435\u043d\u0442\"", "action_flag": 1, "change_message": "[{\"added\": {}}, {\"added\": {\"name\": \"invoice item\", \"object\": \"InvoiceItem object (33)\"}}]"}}, {"model": "admin.logentry", "pk": 70, "fields": {"action_time": "2024-03-28T19:57:20.720Z", "user": 2, "content_type": 10, "object_id": "33", "object_repr": "\u041e\u041e\u041e \"\u0421\u0442\u043e\u043c\u0430\u0442\u043e\u043b\u043e\u0433\u0438\u0447\u0435\u0441\u043a\u0430\u044f \u043a\u043b\u0438\u043d\u0438\u043a\u0430 \u041b\u0438\u0448\u0442\u0432\u0430\u043d\u0430 \u0410.\u041d.\"", "action_flag": 1, "change_message": "[{\"added\": {}}, {\"added\": {\"name\": \"invoice item\", \"object\": \"InvoiceItem object (34)\"}}]"}}, {"model": "admin.logentry", "pk": 71, "fields": {"action_time": "2024-03-28T20:01:39.917Z", "user": 2, "content_type": 10, "object_id": "34", "object_repr": "\u041e\u041e\u041e \"\u0421\u0442\u043e\u043c\u0430\u0442\u043e\u043b\u043e\u0433\u0438\u0447\u0435\u0441\u043a\u0430\u044f \u043a\u043b\u0438\u043d\u0438\u043a\u0430 \u041b\u0438\u0448\u0442\u0432\u0430\u043d\u0430 \u0410.\u041d.\"", "action_flag": 1, "change_message": "[{\"added\": {}}, {\"added\": {\"name\": \"invoice item\", \"object\": \"InvoiceItem object (35)\"}}]"}}, {"model": "admin.logentry", "pk": 72, "fields": {"action_time": "2024-05-15T10:52:32.266Z", "user": 2, "content_type": 10, "object_id": "35", "object_repr": "\u041e\u041e\u041e \"\u0421\u0442\u0440\u0430\u0439\u0434\"", "action_flag": 1, "change_message": "[{\"added\": {}}, {\"added\": {\"name\": \"invoice item\", \"object\": \"InvoiceItem object (36)\"}}]"}}, {"model": "admin.logentry", "pk": 73, "fields": {"action_time": "2024-05-21T18:48:00.060Z", "user": 2, "content_type": 10, "object_id": "36", "object_repr": "\u041e\u041e\u041e \"\u041c\u0438\u0410\u043d \u0434\u0435\u043d\u0442\"", "action_flag": 1, "change_message": "[{\"added\": {}}, {\"added\": {\"name\": \"invoice item\", \"object\": \"InvoiceItem object (37)\"}}]"}}]